formulaRank	molecularFormula	adduct	precursorFormula	NPC#pathway	NPC#pathway Probability	NPC#superclass	NPC#superclass Probability	NPC#class	NPC#class Probability	ClassyFire#superclass	ClassyFire#superclass probability	ClassyFire#class	ClassyFire#class Probability	ClassyFire#subclass	ClassyFire#subclass Probability	ClassyFire#level 5	ClassyFire#level 5 Probability	ClassyFire#most specific class	ClassyFire#most specific class Probability	ClassyFire#all classifications	ionMass	retentionTimeInSeconds	formulaId	alignedFeatureId	mappingFeatureId
1	C15H24N2O2	[M + H]+	C15H25N2O2+	Alkaloids	1,000	Lysine alkaloids	1,000	Quinolizidine alkaloids	1,000	Alkaloids and derivatives	0,883	Lupin alkaloids	0,968	Sparteine, lupanine, and related alkaloids	0,884			Sparteine, lupanine, and related alkaloids	0,884	Organic compounds; Organoheterocyclic compounds; Amino acids, peptides, and analogues; Alcohols and polyols; Lactams; Delta lactams; Piperidines; Quinolizidines; Organic acids and derivatives; Carboxylic acids and derivatives; Organonitrogen compounds; Alkaloids and derivatives; Organooxygen compounds; Amino acids and derivatives; Carboxylic acid amides; Carboxylic acid derivatives; Quinolizidinones; Piperidinones; Secondary alcohols; Tertiary carboxylic acid amides; Sparteine, lupanine, and related alkaloids; Carbonyl compounds; Naphthyridines; Trialkylamines; Amines; Tertiary amines; Lupin alkaloids; Organic oxides; Azacyclic compounds; Hydrocarbon derivatives; Organopnictogen compounds; Organic oxygen compounds; Organic nitrogen compounds; Chemical entities	265,191	1338	623206592596984026	623205675038456123	0
1	C21H39NO	[M - H2O + H]+	C21H38N+	Terpenoids	0,252	Pseudoalkaloids (transamidation)	0,578	Terpenoid alkaloids	0,079	Lipids and lipid-like molecules	0,717	Prenol lipids	0,507					Prenol lipids	0,507	Organic compounds; Lipids and lipid-like molecules; Alcohols and polyols; Prenol lipids; Organonitrogen compounds; Organooxygen compounds; Monoalkylamines; Amines; Primary amines; Hydrocarbon derivatives; Organopnictogen compounds; Organic oxygen compounds; Organic nitrogen compounds; Chemical entities	304,300	1338	623206545440423191	623205675130730816	1
1	C23H39NO	[M + H]+	C23H40NO+	Alkaloids	0,930	Pseudoalkaloids (transamidation)	0,963	Steroidal alkaloids	0,951	Lipids and lipid-like molecules	0,727	Steroids and steroid derivatives	0,895	Steroidal alkaloids	0,739			Steroidal alkaloids	0,739	Organic compounds; Lipids and lipid-like molecules; Alcohols and polyols; Steroids and steroid derivatives; Organonitrogen compounds; Alkaloids and derivatives; Organooxygen compounds; Cyclic alcohols and derivatives; Hydroxysteroids; Secondary alcohols; Dialkylamines; Azasteroids and derivatives; Amines; Secondary amines; Steroidal alkaloids; Hydrocarbon derivatives; Organopnictogen compounds; Organic oxygen compounds; Organic nitrogen compounds; Chemical entities	346,310	1338	623206587727396754	623205675248171333	2
1	C22H37NO2	[M - H2O + H]+	C22H36NO+	Alkaloids	0,991	Pseudoalkaloids (transamidation)	0,993	Steroidal alkaloids	0,984	Lipids and lipid-like molecules	0,854	Steroids and steroid derivatives	0,948	Steroidal alkaloids	0,731			Steroidal alkaloids	0,731	Organic compounds; Organoheterocyclic compounds; Lipids and lipid-like molecules; Alcohols and polyols; Piperidines; Steroids and steroid derivatives; Organonitrogen compounds; Alkaloids and derivatives; Organooxygen compounds; Cyclic alcohols and derivatives; Hydroxysteroids; Secondary alcohols; Dialkylamines; Azasteroids and derivatives; Amines; Secondary amines; Alkanolamines; Steroidal alkaloids; Azacyclic compounds; Hydrocarbon derivatives; Organopnictogen compounds; Organic oxygen compounds; Organic nitrogen compounds; Chemical entities	330,279	1338	623206644065290202	623205675361417546	3
1	C12H19N3O	[M + H]+	C12H20N3O+	Alkaloids	0,967	Pseudoalkaloids (transamidation)	0,196	Pyridine alkaloids	0,073	Organoheterocyclic compounds	0,927	Heteroaromatic compounds	0,788					Heteroaromatic compounds	0,788	Organic compounds; Organoheterocyclic compounds; Alcohols and polyols; Organonitrogen compounds; Organooxygen compounds; Amines; Azacyclic compounds; Heteroaromatic compounds; Hydrocarbon derivatives; Organopnictogen compounds; Organic oxygen compounds; Organic nitrogen compounds; Chemical entities	222,160	1338	623206594920628774	623205675487246671	4
1	C15H15N3O	[M + H]+	C15H16N3O+	Alkaloids	0,967	Tryptophan alkaloids	0,522	Carboline alkaloids	0,297	Benzenoids	0,970							Benzenoids	0,970	Organic compounds; Organoheterocyclic compounds; Organonitrogen compounds; Organooxygen compounds; Azoles; Benzenoids; Azacyclic compounds; Heteroaromatic compounds; Hydrocarbon derivatives; Organopnictogen compounds; Organic oxygen compounds; Organic nitrogen compounds; Chemical entities	254,129	1338	623206625815872712	623205675571132756	5
1	C24H31NO4	[M + Na]+	C24H31NNaO4+	Alkaloids	0,998	Tyrosine alkaloids	0,998	Isoquinoline alkaloids	0,926	Alkaloids and derivatives	0,618	Aporphines	0,608					Aporphines	0,608	Organic compounds; Organoheterocyclic compounds; Naphthalenes; Phenanthrenes and derivatives; Alkyl aryl ethers; Anisoles; Ethers; Organonitrogen compounds; Alkaloids and derivatives; Organooxygen compounds; Aporphines; Phenol ethers; Benzenoids; Amines; Tetrahydroisoquinolines; Aralkylamines; Azacyclic compounds; Hydrocarbon derivatives; Organopnictogen compounds; Organic oxygen compounds; Organic nitrogen compounds; Chemical entities	420,217	1338	623206590181064746	623205675906677081	6
1	C15H11N5	[M + H]+	C15H12N5+	Alkaloids	0,999	Tryptophan alkaloids	0,968	Carboline alkaloids	0,932	Organoheterocyclic compounds	0,997	Indoles and derivatives	0,820	Indoles	0,845			Indoles	0,845	Organic compounds; Organoheterocyclic compounds; Pyrimidines and pyrimidine derivatives; Pyridines and derivatives; Pyrroles; Indoles and derivatives; Organonitrogen compounds; Aminopyrimidines and derivatives; Diazines; Benzenoids; Amines; Primary amines; Indoles; Azacyclic compounds; Heteroaromatic compounds; Hydrocarbon derivatives; Organopnictogen compounds; Organic nitrogen compounds; Chemical entities	262,109	1338	623206625065092213	623205676036700510	7
1	C10H12O4	[M + H]+	C10H13O4+	Shikimates and Phenylpropanoids	0,836	Phenolic acids (C6-C1)	0,776	Simple phenolic acids	0,538	Benzenoids	1,000	Phenol ethers	0,999	Anisoles	0,998			Anisoles	0,998	Organic compounds; Aldehydes; Alkyl aryl ethers; Anisoles; Ethers; Benzoyl derivatives; Organooxygen compounds; Benzaldehydes; Carbonyl compounds; Benzene and substituted derivatives; Phenol ethers; Benzenoids; Aryl-aldehydes; Organic oxides; Methoxybenzenes; Hydrocarbon derivatives; Organic oxygen compounds; Phenoxy compounds; Chemical entities	197,081	1338	623206604236178078	623205676103809379	8
1	C30H50N2O4	[M + H]+	C30H51N2O4+	Polyketides	0,422	Linear polyketides	0,835	Open-chain polyketides	0,848	Lipids and lipid-like molecules	0,771	Fatty Acyls	0,480	Fatty amides	0,481	N-acyl amines	0,541	N-acyl amines	0,541	Organic compounds; Organoheterocyclic compounds; Lipids and lipid-like molecules; Alcohols and polyols; Organic acids and derivatives; Carboxylic acids and derivatives; Organonitrogen compounds; Organooxygen compounds; Carboxylic acid amides; Carboxylic acid derivatives; N-acyl amines; Secondary carboxylic acid amides; Carbonyl compounds; Organic oxides; Azacyclic compounds; Oxacyclic compounds; Hydrocarbon derivatives; Organopnictogen compounds; Organic oxygen compounds; Organic nitrogen compounds; Chemical entities	503,384	1338	623206614352839491	623205676187695464	9
1	C19H24O6	[M + Na]+	C19H24NaO6+	Shikimates and Phenylpropanoids	0,999	Lignans	0,999	Dibenzylbutyrolactone lignans	0,965	Lignans, neolignans and related compounds	0,983	Furanoid lignans	0,975	Tetrahydrofuran lignans	0,888	9,9'-epoxylignans	0,952	Dibenzylbutyrolactone lignans	0,945	Organic compounds; Organoheterocyclic compounds; Lactones; Alkyl aryl ethers; Anisoles; Ethers; Organic acids and derivatives; Carboxylic acids and derivatives; Benzodioxoles; Organooxygen compounds; Carboxylic acid derivatives; Monocarboxylic acids and derivatives; Carboxylic acid esters; Gamma butyrolactones; Lignans, neolignans and related compounds; Lignan lactones; Tetrahydrofuran lignans; Dibenzylbutyrolactone lignans; Acetals; Carbonyl compounds; Benzene and substituted derivatives; Phenol ethers; Benzenoids; Tetrahydrofurans; 9,9'-epoxylignans; Furanoid lignans; Organic oxides; Dimethoxybenzenes; Methoxybenzenes; Oxacyclic compounds; Hydrocarbon derivatives; Organic oxygen compounds; Phenoxy compounds; Chemical entities	371,149	1338	623206590629855332	623205676263192941	10
1	C9H8O4	[M + H]+	C9H9O4+	Shikimates and Phenylpropanoids	0,970	Phenylpropanoids (C6-C3)	0,981	Cinnamic acids and derivatives	0,986	Phenylpropanoids and polyketides	0,958	Cinnamic acids and derivatives	0,914	Hydroxycinnamic acids and derivatives	0,942	Coumaric acids and derivatives	0,920	Coumaric acids and derivatives	0,920	Organic compounds; Styrenes; Coumaric acids and derivatives; Phenols; Catechols; Phenylpropanoids and polyketides; Organic acids and derivatives; Carboxylic acids and derivatives; Organooxygen compounds; Cinnamic acids and derivatives; Monocarboxylic acids and derivatives; Carboxylic acids; Benzenediols; Hydroxycinnamic acids and derivatives; Carbonyl compounds; Benzene and substituted derivatives; Benzenoids; Hydroxycinnamic acids; Cinnamic acids; Organic oxides; Hydrocarbon derivatives; Organic oxygen compounds; 1-hydroxy-2-unsubstituted benzenoids; 1-hydroxy-4-unsubstituted benzenoids; Chemical entities	181,050	1338	623206660314024383	623205676321913202	11
1	C8H10N4O2	[M + H]+	C8H11N4O2+	Alkaloids	0,999	Pseudoalkaloids (transamidation)	1,000	Purine alkaloids	1,000	Organoheterocyclic compounds	1,000	Imidazopyrimidines	0,999	Purines and purine derivatives	0,999	Xanthines	0,999	Xanthines	0,999	Organic compounds; Organoheterocyclic compounds; Pyrimidines and pyrimidine derivatives; Imidazoles; Lactams; Purines and purine derivatives; Xanthines; Organic acids and derivatives; Organonitrogen compounds; Alkaloids and derivatives; Pyrimidones; Organooxygen compounds; Organic carbonic acids and derivatives; Azoles; Ureas; Purinones; Diazines; 6-oxopurines; Imidazopyrimidines; Substituted imidazoles; N-substituted imidazoles; Vinylogous amides; Organic oxides; Azacyclic compounds; Heteroaromatic compounds; Hydrocarbon derivatives; Organopnictogen compounds; Organic oxygen compounds; Organic nitrogen compounds; Chemical entities	195,088	1338	623206598343180886	623205676372244855	12
1	C22H26N4	[M + H]+	C22H27N4+	Alkaloids	0,998	Tryptophan alkaloids	0,963	Corynanthe type	0,523	Organoheterocyclic compounds	0,999	Diazanaphthalenes	0,384	Naphthyridines	0,507			Naphthyridines	0,507	Organic compounds; Organoheterocyclic compounds; Piperidines; Indoles and derivatives; Organonitrogen compounds; Naphthyridines; Benzenoids; Amines; Secondary amines; Tertiary amines; Secondary alkylarylamines; Aralkylamines; Azacyclic compounds; Hydrocarbon derivatives; Organopnictogen compounds; Organic nitrogen compounds; Chemical entities	347,223	1338	623206698666740881	623205676439353724	13
1	C23H30N2O6	[M + H]+	C23H31N2O6+	Alkaloids	0,936	Lysine alkaloids	0,082	Indole diketopiperazine alkaloids (L-Trp, L-Pro)	0,082	Organoheterocyclic compounds	0,999	Piperidines	0,982	N-acylpiperidines	0,719			N-acylpiperidines	0,719	Organic compounds; Organoheterocyclic compounds; Alkyl aryl ethers; Lactams; Delta lactams; Piperidines; Ethers; Organic acids and derivatives; Carboxylic acids and derivatives; Organonitrogen compounds; Organooxygen compounds; N-acylpiperidines; Carboxylic acid amides; Carboxylic acid derivatives; Piperidinones; Tertiary carboxylic acid amides; Carbonyl compounds; Phenol ethers; Benzenoids; Organic oxides; Azacyclic compounds; Oxacyclic compounds; Hydrocarbon derivatives; Organopnictogen compounds; Organic oxygen compounds; Organic nitrogen compounds; Chemical entities	431,217	1338	623206639858403122	623205676544211329	14
1	C24H32N2O5	[M + H]+	C24H33N2O5+	Alkaloids	0,916	Peptide alkaloids	0,059	Indole diketopiperazine alkaloids (L-Trp, L-Pro)	0,048	Organic acids and derivatives	0,947	Carboxylic acids and derivatives	0,960	Amino acids, peptides, and analogues	0,822	Amino acids and derivatives	0,823	Amino acids and derivatives	0,823	Organic compounds; Organoheterocyclic compounds; Amino acids, peptides, and analogues; Alkyl aryl ethers; Anisoles; Piperidines; Ethers; Organic acids and derivatives; Carboxylic acids and derivatives; Organonitrogen compounds; Organooxygen compounds; Amino acids and derivatives; Carboxylic acid amides; Carboxylic acid derivatives; Tertiary carboxylic acid amides; Carbonyl compounds; Trialkylamines; Benzene and substituted derivatives; Phenol ethers; Benzenoids; Amines; Tertiary amines; Organic oxides; Azacyclic compounds; Oxacyclic compounds; Hydrocarbon derivatives; Organopnictogen compounds; Organic oxygen compounds; Organic nitrogen compounds; Phenoxy compounds; Chemical entities	429,238	1338	623206608451453657	623205676619708806	15
1	C14H9NO2	[M + H]+	C14H10NO2+	Polyketides	0,958	Polycyclic aromatic polyketides	0,971	Anthraquinones and anthrones	0,982	Benzenoids	0,987	Anthracenes	0,795	Anthraquinones	0,571			Anthraquinones	0,571	Organic compounds; Organoheterocyclic compounds; Anthracenes; Pyridines and derivatives; Ketones; Anthraquinones; Organonitrogen compounds; Organooxygen compounds; Carbonyl compounds; Benzenoids; Aryl ketones; Organic oxides; Azacyclic compounds; Hydrocarbon derivatives; Organopnictogen compounds; Organic oxygen compounds; Organic nitrogen compounds; Chemical entities	224,071	1338	623206641435461492	623205676665846155	16
1	C21H34N2	[M + H]+	C21H35N2+	Alkaloids	1,000	Pseudoalkaloids (transamidation)	1,000	Steroidal alkaloids	1,000	Lipids and lipid-like molecules	0,979	Steroids and steroid derivatives	0,992	Steroidal alkaloids	0,995	Conanine-type alkaloids	0,999	Conanine-type alkaloids	0,999	Organic compounds; Organoheterocyclic compounds; Lipids and lipid-like molecules; Azaspirodecane derivatives; Pyrrolidines; Steroids and steroid derivatives; Organonitrogen compounds; Alkaloids and derivatives; Trialkylamines; Azasteroids and derivatives; Amines; Tertiary amines; Steroidal alkaloids; Conanine-type alkaloids; N-alkylpyrrolidines; Azacyclic compounds; Hydrocarbon derivatives; Organopnictogen compounds; Organic nitrogen compounds; Chemical entities	315,279	1338	623206696519257140	623205676745537936	17
1	C24H40N2	[M + H]+	C24H41N2+	Alkaloids	1,000	Pseudoalkaloids (transamidation)	1,000	Steroidal alkaloids	1,000	Lipids and lipid-like molecules	0,991	Steroids and steroid derivatives	0,999	Steroidal alkaloids	1,000	Conanine-type alkaloids	1,000	Conanine-type alkaloids	1,000	Organic compounds; Organoheterocyclic compounds; Lipids and lipid-like molecules; Azaspirodecane derivatives; Pyrrolidines; Steroids and steroid derivatives; Organonitrogen compounds; Alkaloids and derivatives; Trialkylamines; Azasteroids and derivatives; Amines; Tertiary amines; Steroidal alkaloids; Conanine-type alkaloids; N-alkylpyrrolidines; Azacyclic compounds; Hydrocarbon derivatives; Organopnictogen compounds; Organic nitrogen compounds; Chemical entities	357,326	1338	623206615946675099	623205676800063893	18
1	C22H36N2	[M + H]+	C22H37N2+	Alkaloids	1,000	Pseudoalkaloids (transamidation)	1,000	Steroidal alkaloids	1,000	Lipids and lipid-like molecules	0,974	Steroids and steroid derivatives	0,993	Steroidal alkaloids	0,996	Conanine-type alkaloids	0,999	Conanine-type alkaloids	0,999	Organic compounds; Organoheterocyclic compounds; Lipids and lipid-like molecules; Azaspirodecane derivatives; Pyrrolidines; Steroids and steroid derivatives; Organonitrogen compounds; Alkaloids and derivatives; Trialkylamines; Azasteroids and derivatives; Amines; Tertiary amines; Steroidal alkaloids; Conanine-type alkaloids; N-alkylpyrrolidines; Azacyclic compounds; Hydrocarbon derivatives; Organopnictogen compounds; Organic nitrogen compounds; Chemical entities	329,296	1338	623206695827196938	623205676858784154	19
1	C11H13NO3	[M + H]+	C11H14NO3+	Alkaloids	0,999	Tyrosine alkaloids	0,909	Isoindole alkaloids	0,051	Organoheterocyclic compounds	0,983	Isoquinolines and derivatives	0,795	Isoquinolones and derivatives	0,881			Isoquinolones and derivatives	0,881	Organic compounds; Organoheterocyclic compounds; Alkyl aryl ethers; Anisoles; Lactams; Ethers; Organic acids and derivatives; Carboxylic acids and derivatives; Organonitrogen compounds; Organooxygen compounds; Carboxylic acid amides; Carboxylic acid derivatives; Secondary carboxylic acid amides; Carbonyl compounds; Isoquinolones and derivatives; Phenol ethers; Benzenoids; Isoquinolines and derivatives; Tetrahydroisoquinolines; Organic oxides; Azacyclic compounds; Hydrocarbon derivatives; Organopnictogen compounds; Organic oxygen compounds; Organic nitrogen compounds; Chemical entities	208,097	1338	623206662599920138	623205676951058847	20
1	C15H10O6	[M + H]+	C15H11O6+	Shikimates and Phenylpropanoids	0,999	Flavonoids	0,992	Flavonols	0,929	Phenylpropanoids and polyketides	0,986	Flavonoids	0,970	Flavones	0,929	Flavonols	0,888	Flavonols	0,888	Organic compounds; Organoheterocyclic compounds; Pyrans; Benzopyrans; Phenols; Catechols; Chromones; Phenylpropanoids and polyketides; Organooxygen compounds; Flavonoids; Pyranones and derivatives; Flavonols; Benzenediols; Flavones; Benzene and substituted derivatives; Benzenoids; 3-hydroxyflavonoids; 3'-hydroxyflavonoids; 4'-hydroxyflavonoids; Hydroxyflavonoids; 7-hydroxyflavonoids; 1-benzopyrans; Organic oxides; Oxacyclic compounds; Heteroaromatic compounds; Hydrocarbon derivatives; Organic oxygen compounds; 1-hydroxy-2-unsubstituted benzenoids; 1-hydroxy-4-unsubstituted benzenoids; Chemical entities	287,055	1338	623206589438672863	623205677479541156	21
1	C38H44N4O5	[M - H2O + H]+	C38H43N4O4+	Amino acids and Peptides	0,963	Oligopeptides	0,858	Cyclic peptides	0,539	Organic acids and derivatives	0,997	Carboxylic acids and derivatives	0,988	Amino acids, peptides, and analogues	0,972	Peptides	0,767	Peptides	0,767	Organic compounds; Organoheterocyclic compounds; Amino acids, peptides, and analogues; Alpha amino acids and derivatives; Lactams; Piperidines; Phenylpropanoids and polyketides; Organic acids and derivatives; Carboxylic acids and derivatives; Organonitrogen compounds; Organooxygen compounds; Amino acids and derivatives; Peptides; Carboxylic acid amides; Carboxylic acid derivatives; Secondary carboxylic acid amides; Tertiary carboxylic acid amides; Carbonyl compounds; Benzene and substituted derivatives; Benzenoids; Organic oxides; Azacyclic compounds; Hydrocarbon derivatives; Organopnictogen compounds; Organic oxygen compounds; Organic nitrogen compounds; Chemical entities	619,324	1338	623206593825915331	623205677538261417	22
1	C21H25N3O3	[M + Na]+	C21H25N3NaO3+	Amino acids and Peptides	0,335	Peptide alkaloids	0,061	Carboline alkaloids	0,032	Benzenoids	0,984	Benzene and substituted derivatives	0,882					Benzene and substituted derivatives	0,882	Organic compounds; Organoheterocyclic compounds; Pyridines and derivatives; Ethers; Organic acids and derivatives; Carboxylic acids and derivatives; Organonitrogen compounds; Organooxygen compounds; Azoles; Carboxylic acid amides; Carboxylic acid derivatives; Tertiary carboxylic acid amides; Carbonyl compounds; Benzene and substituted derivatives; Benzenoids; Amines; Tertiary amines; Organic oxides; Azacyclic compounds; Oxacyclic compounds; Heteroaromatic compounds; Hydrocarbon derivatives; Organopnictogen compounds; Organic oxygen compounds; Organic nitrogen compounds; Chemical entities	390,181	1338	623206681973410667	623205677605370286	23
1	C11H14N2O	[M + H]+	C11H15N2O+	Alkaloids	1,000	Nicotinic acid alkaloids	0,998	Pyridine alkaloids	0,998	Alkaloids and derivatives	0,945	Lupin alkaloids	0,950	Cytisine and derivatives	0,983			Cytisine and derivatives	0,983	Organic compounds; Organoheterocyclic compounds; Pyridines and derivatives; Lactams; Piperidines; Organonitrogen compounds; Alkaloids and derivatives; Organooxygen compounds; Pyridinones; Hydropyridines; Dialkylamines; Amines; Secondary amines; Lupin alkaloids; Cytisine and derivatives; Aralkylamines; Organic oxides; Azacyclic compounds; Heteroaromatic compounds; Hydrocarbon derivatives; Organopnictogen compounds; Organic oxygen compounds; Organic nitrogen compounds; Chemical entities	191,118	1338	623206662755109418	623205677664090547	24
1	C16H12O4	[M + H]+	C16H13O4+	Polyketides	0,960	Polycyclic aromatic polyketides	0,959	Anthraquinones and anthrones	0,980	Benzenoids	1,000	Anthracenes	0,941	Anthraquinones	0,927			Anthraquinones	0,927	Organic compounds; Anthracenes; Ketones; Alkyl aryl ethers; Phenols; Anisoles; Anthraquinones; Ethers; Organic acids and derivatives; Organooxygen compounds; Carbonyl compounds; Phenol ethers; Benzenoids; Aryl ketones; Vinylogous acids; Organic oxides; Hydrocarbon derivatives; Organic oxygen compounds; 1-hydroxy-2-unsubstituted benzenoids; Chemical entities	269,081	1338	623206705100803295	623205677735393720	25
1	C13H18O3	[M + H]+	C13H19O3+	Terpenoids	0,881	Sesquiterpenoids	0,530	Apocarotenoids(Îµ-)	0,101	Organic oxygen compounds	1,000	Organooxygen compounds	1,000	Carbonyl compounds	0,953	Ketones	0,829	Cyclohexenones	0,525	Organic compounds; Ketones; Organic acids and derivatives; Carboxylic acids and derivatives; Organooxygen compounds; Monocarboxylic acids and derivatives; Carbonyl compounds; Cyclic ketones; Organic oxides; Hydrocarbon derivatives; Cyclohexenones; Organic oxygen compounds; Chemical entities	223,133	1338	623206643780077506	623205677810891197	26
1	C21H39NO	[M - H2O + H]+	C21H38N+	Terpenoids	0,560	Diterpenoids	0,609	Steroidal alkaloids	0,068	Lipids and lipid-like molecules	0,748	Prenol lipids	0,614					Prenol lipids	0,614	Organic compounds; Lipids and lipid-like molecules; Alcohols and polyols; Prenol lipids; Organonitrogen compounds; Organooxygen compounds; Cyclic alcohols and derivatives; Secondary alcohols; Amines; Primary amines; Hydrocarbon derivatives; Organopnictogen compounds; Organic oxygen compounds; Organic nitrogen compounds; Chemical entities	304,300	1338	623206659361917314	623205677878000066	27
1	C22H22O7	[M + H]+	C22H23O7+	Shikimates and Phenylpropanoids	0,999	Lignans	1,000	Arylnaphthalene and aryltetralin lignans	0,999	Lignans, neolignans and related compounds	0,993	Lignan lactones	0,971	Podophyllotoxins	0,501			Podophyllotoxins	0,501	Organic compounds; Organoheterocyclic compounds; Podophyllotoxins; Tetralins; Lactones; Alkyl aryl ethers; Anisoles; Ethers; Organic acids and derivatives; Carboxylic acids and derivatives; Benzodioxoles; Organooxygen compounds; Carboxylic acid derivatives; Monocarboxylic acids and derivatives; Carboxylic acid esters; Gamma butyrolactones; Lignans, neolignans and related compounds; Lignan lactones; Naphthofurans; Acetals; Carbonyl compounds; Benzene and substituted derivatives; Phenol ethers; Benzenoids; Tetrahydrofurans; Aryltetralin lignans; Organic oxides; Methoxybenzenes; Oxacyclic compounds; Hydrocarbon derivatives; Organic oxygen compounds; Phenoxy compounds; Furanonaphthodioxoles; Chemical entities	399,143	1338	623206594232762872	623205677945108935	28
1	C23H34O5	[M + H]+	C23H35O5+	Terpenoids	1,000	Steroids	1,000	Cardenolides	0,999	Lipids and lipid-like molecules	0,990	Steroids and steroid derivatives	0,998	Steroid lactones	0,986	Cardenolides and derivatives	0,966	Cardenolides and derivatives	0,966	Organic compounds; Organoheterocyclic compounds; Lipids and lipid-like molecules; Lactones; Alcohols and polyols; Steroids and steroid derivatives; Organic acids and derivatives; Carboxylic acids and derivatives; Organooxygen compounds; Carboxylic acid derivatives; Steroid lactones; Monocarboxylic acids and derivatives; Carboxylic acid esters; Cyclic alcohols and derivatives; Hydroxysteroids; Cardenolides and derivatives; Secondary alcohols; Tertiary alcohols; Carbonyl compounds; Furanones; Dihydrofurans; Butenolides; 3-hydroxysteroids; 3-beta-hydroxysteroids; Enoate esters; Alpha,beta-unsaturated carboxylic esters; Organic oxides; Oxacyclic compounds; Hydrocarbon derivatives; 14-hydroxysteroids; Organic oxygen compounds; Chemical entities	391,248	1338	623206618358399942	623205678012217804	29
1	C9H16O4	[M + H3N + H]+	C9H20NO4+	Fatty acids	0,984	Fatty Acids and Conjugates	0,652	Dicarboxylic acids	0,304	Lipids and lipid-like molecules	0,656	Fatty Acyls	0,650					Fatty Acyls	0,650	Organic compounds; Lipids and lipid-like molecules; Organic acids and derivatives; Carboxylic acids and derivatives; Organooxygen compounds; Carbonyl compounds; Fatty Acyls; Organic oxides; Hydrocarbon derivatives; Organic oxygen compounds; Chemical entities	206,140	1338	623206673647717128	623205678083520977	30
1	C15H21N3O2	[M + H]+	C15H22N3O2+	Alkaloids	1,000	Tryptophan alkaloids	0,999	Pyrroloindole alkaloids	1,000	Organic acids and derivatives	0,995	Carboxylic acids and derivatives	0,981	Amino acids, peptides, and analogues	0,988	Amino acids and derivatives	0,988	Carbamate esters	0,998	Organic compounds; Organoheterocyclic compounds; Amino acids, peptides, and analogues; Pyrroles; Indoles and derivatives; Pyrrolidines; Organic acids and derivatives; Carboxylic acids and derivatives; Organonitrogen compounds; Carbamic acids and derivatives; Organooxygen compounds; Amino acids and derivatives; Organic carbonic acids and derivatives; Carbamate esters; Pyrroloindoles; Carbonyl compounds; Benzenoids; Amines; Tertiary amines; Tertiary alkylarylamines; Indoles; N-alkylpyrrolidines; Dialkylarylamines; Organic oxides; Azacyclic compounds; Hydrocarbon derivatives; Organopnictogen compounds; Organic oxygen compounds; Organic nitrogen compounds; Chemical entities	276,171	1338	623206637073385132	623205678154824150	31
1	C21H35NO	[M + H]+	C21H36NO+	Terpenoids	0,567	Diterpenoids	0,679	Primary amides	0,715	Lipids and lipid-like molecules	0,931	Prenol lipids	0,550	Diterpenoids	0,544			Diterpenoids	0,544	Organic compounds; Lipids and lipid-like molecules; Prenol lipids; Organic acids and derivatives; Carboxylic acids and derivatives; Organonitrogen compounds; Organooxygen compounds; Carboxylic acid amides; Carboxylic acid derivatives; Diterpenoids; Primary carboxylic acid amides; Carbonyl compounds; Organic oxides; Hydrocarbon derivatives; Organopnictogen compounds; Organic oxygen compounds; Organic nitrogen compounds; Chemical entities	318,279	1338	623206602902389378	623205678213544411	32
1	C20H24O9	[M + H]+	C20H25O9+	Terpenoids	0,986	Triterpenoids	0,801	Quassinoids	0,846	Lipids and lipid-like molecules	0,865	Prenol lipids	0,858	Terpene lactones	0,937	Diterpene lactones	0,798	Diterpene lactones	0,798	Organic compounds; Organoheterocyclic compounds; Lipids and lipid-like molecules; Lactones; Alcohols and polyols; Ethers; Prenol lipids; Organic acids and derivatives; Carboxylic acids and derivatives; Organooxygen compounds; Carboxylic acid derivatives; Carboxylic acid esters; Gamma butyrolactones; Terpene lactones; Cyclic alcohols and derivatives; Diterpene lactones; Diterpenoids; Acetals; Secondary alcohols; Tertiary alcohols; Furofurans; Carbonyl compounds; Tricarboxylic acids and derivatives; Polyols; Tetrahydrofurans; Organic oxides; Oxacyclic compounds; Hydrocarbon derivatives; Organic oxygen compounds; Chemical entities	409,150	1338	623206626822505695	623205678276458976	33
1	C20H24O10	[M + H]+	C20H25O10+	Terpenoids	0,986	Triterpenoids	0,833	Quassinoids	0,881	Lipids and lipid-like molecules	0,863	Prenol lipids	0,869	Terpene lactones	0,945	Diterpene lactones	0,824	Diterpene lactones	0,824	Organic compounds; Organoheterocyclic compounds; Lipids and lipid-like molecules; Lactones; Alcohols and polyols; Ethers; Prenol lipids; Organic acids and derivatives; Carboxylic acids and derivatives; Organooxygen compounds; Carboxylic acid derivatives; Carboxylic acid esters; Gamma butyrolactones; Terpene lactones; Cyclic alcohols and derivatives; Diterpene lactones; Diterpenoids; Acetals; Secondary alcohols; Tertiary alcohols; Furofurans; Carbonyl compounds; Tricarboxylic acids and derivatives; Polyols; Tetrahydrofurans; Organic oxides; Oxacyclic compounds; Hydrocarbon derivatives; Organic oxygen compounds; Chemical entities	425,144	1338	623206691767110565	623205678343567845	34
1	C18H26O11	[M + Na]+	C18H26NaO11+	Terpenoids	0,981	Triterpenoids	0,654	Quassinoids	0,810	Lipids and lipid-like molecules	0,831	Prenol lipids	0,828	Terpene lactones	0,928	Diterpene lactones	0,837	Diterpene lactones	0,837	Organic compounds; Organoheterocyclic compounds; Lipids and lipid-like molecules; Lactones; Alcohols and polyols; Ethers; Prenol lipids; Organic acids and derivatives; Carboxylic acids and derivatives; Organooxygen compounds; Carboxylic acid derivatives; Carboxylic acid esters; Gamma butyrolactones; Terpene lactones; Cyclic alcohols and derivatives; Diterpene lactones; Diterpenoids; Acetals; Secondary alcohols; Tertiary alcohols; Furofurans; Carbonyl compounds; Tricarboxylic acids and derivatives; Polyols; Tetrahydrofurans; Organic oxides; Oxacyclic compounds; Hydrocarbon derivatives; Organic oxygen compounds; Chemical entities	441,139	1338	623206686297738110	623205678393899498	35
1	C23H34O5	[M + Na]+	C23H34NaO5+	Terpenoids	0,955	Steroids	0,973	Cardenolides	0,947	Lipids and lipid-like molecules	0,942	Steroids and steroid derivatives	0,965	Steroid lactones	0,922	Cardenolides and derivatives	0,732	Cardenolides and derivatives	0,732	Organic compounds; Organoheterocyclic compounds; Lipids and lipid-like molecules; Lactones; Alcohols and polyols; Steroids and steroid derivatives; Organic acids and derivatives; Carboxylic acids and derivatives; Organooxygen compounds; Carboxylic acid derivatives; Steroid lactones; Monocarboxylic acids and derivatives; Carboxylic acid esters; Cyclic alcohols and derivatives; Hydroxysteroids; Cardenolides and derivatives; Secondary alcohols; Tertiary alcohols; Carbonyl compounds; Furanones; Dihydrofurans; Butenolides; 3-hydroxysteroids; Enoate esters; Alpha,beta-unsaturated carboxylic esters; Organic oxides; Oxacyclic compounds; Hydrocarbon derivatives; 14-hydroxysteroids; Organic oxygen compounds; Chemical entities	413,230	1338	623206631834699146	623205678435842543	36
1	C41H64O14	[M + Na]+	C41H64NaO14+	Terpenoids	1,000	Steroids	0,999	Cardenolides	1,000	Lipids and lipid-like molecules	0,986	Steroids and steroid derivatives	0,996	Steroid lactones	0,995	Cardenolides and derivatives	0,995	Cardenolide glycosides and derivatives	0,991	Organic compounds; Organoheterocyclic compounds; Carbohydrates and carbohydrate conjugates; Lipids and lipid-like molecules; Lactones; Alcohols and polyols; Oligosaccharides; Ethers; Steroids and steroid derivatives; Organic acids and derivatives; Carboxylic acids and derivatives; Organooxygen compounds; Steroidal glycosides; Carboxylic acid derivatives; Steroid lactones; Monocarboxylic acids and derivatives; Carboxylic acid esters; Cyclic alcohols and derivatives; Hydroxysteroids; Cardenolides and derivatives; Cardenolide glycosides and derivatives; Acetals; Secondary alcohols; Tertiary alcohols; Carbonyl compounds; Furanones; Dihydrofurans; Oxanes; Glycosyl compounds; O-glycosyl compounds; Butenolides; Enoate esters; Alpha,beta-unsaturated carboxylic esters; Organic oxides; Oxacyclic compounds; Hydrocarbon derivatives; 14-hydroxysteroids; Organic oxygen compounds; Chemical entities	803,418	1338	623206733584322143	623205678469396980	37
1	C21H35NO	[M + H]+	C21H36NO+	Terpenoids	0,401	Diterpenoids	0,536	Steroidal alkaloids	0,135	Lipids and lipid-like molecules	0,856	Prenol lipids	0,592	Diterpenoids	0,508			Diterpenoids	0,508	Organic compounds; Lipids and lipid-like molecules; Alcohols and polyols; Prenol lipids; Organonitrogen compounds; Organooxygen compounds; Diterpenoids; Amines; Hydrocarbon derivatives; Organopnictogen compounds; Organic oxygen compounds; Organic nitrogen compounds; Chemical entities	318,279	1338	623206642945410982	623205678519728633	38
1	C21H33NO	[M + H]+	C21H34NO+	Terpenoids	0,946	Diterpenoids	0,970	Norkaurane diterpenoids	0,047	Lipids and lipid-like molecules	0,961	Prenol lipids	0,838	Diterpenoids	0,898			Diterpenoids	0,898	Organic compounds; Lipids and lipid-like molecules; Hydrophenanthrenes; Prenol lipids; Organic acids and derivatives; Carboxylic acids and derivatives; Organonitrogen compounds; Organooxygen compounds; Carboxylic acid amides; Carboxylic acid derivatives; Diterpenoids; Primary carboxylic acid amides; Carbonyl compounds; Organic oxides; Hydrocarbon derivatives; Organopnictogen compounds; Organic oxygen compounds; Organic nitrogen compounds; Chemical entities	316,264	1338	623206698125675637	623205678570060286	39
1	C21H35NO	[M + H]+	C21H36NO+	Alkaloids	0,360	Pseudoalkaloids (transamidation)	0,752	Terpenoid alkaloids	0,231	Lipids and lipid-like molecules	0,816	Steroids and steroid derivatives	0,633					Steroids and steroid derivatives	0,633	Organic compounds; Lipids and lipid-like molecules; Alcohols and polyols; Steroids and steroid derivatives; Organonitrogen compounds; Organooxygen compounds; Monoalkylamines; Cyclic alcohols and derivatives; Amines; Primary amines; Hydrocarbon derivatives; Organopnictogen compounds; Organic oxygen compounds; Organic nitrogen compounds; Chemical entities	318,280	1338	623206629699798313	623205678607809027	40
1	C21H33NO	[M + H]+	C21H34NO+	Terpenoids	0,871	Diterpenoids	0,944	Abietane diterpenoids	0,060	Lipids and lipid-like molecules	0,953	Prenol lipids	0,757	Diterpenoids	0,852			Diterpenoids	0,852	Organic compounds; Lipids and lipid-like molecules; Phenanthrenes and derivatives; Hydrophenanthrenes; Prenol lipids; Organic acids and derivatives; Carboxylic acids and derivatives; Organonitrogen compounds; Organooxygen compounds; Carboxylic acid amides; Carboxylic acid derivatives; Diterpenoids; Primary carboxylic acid amides; Carbonyl compounds; Naphthalenecarboxamides; Benzenoids; Amines; Organic oxides; Hydrocarbon derivatives; Organopnictogen compounds; Organic oxygen compounds; Organic nitrogen compounds; Chemical entities	316,264	1338	623206613681750815	623205678649752072	41
1	C22H37NO	[M + H]+	C22H38NO+	Alkaloids	0,767	Pseudoalkaloids (transamidation)	0,941	Steroidal alkaloids	0,776	Lipids and lipid-like molecules	0,836	Steroids and steroid derivatives	0,811	Steroidal alkaloids	0,584			Steroidal alkaloids	0,584	Organic compounds; Lipids and lipid-like molecules; Alcohols and polyols; Steroids and steroid derivatives; Organonitrogen compounds; Organooxygen compounds; Monoalkylamines; Cyclic alcohols and derivatives; Hydroxysteroids; Secondary alcohols; Azasteroids and derivatives; Amines; Primary amines; Steroidal alkaloids; Hydrocarbon derivatives; Organopnictogen compounds; Organic oxygen compounds; Organic nitrogen compounds; Chemical entities	332,295	1338	623206662826412599	623205678712666637	42
1	C22H37NO2	[M - H2O + H]+	C22H36NO+	Alkaloids	0,929	Pseudoalkaloids (transamidation)	0,979	Steroidal alkaloids	0,947	Lipids and lipid-like molecules	0,810	Steroids and steroid derivatives	0,930	Steroidal alkaloids	0,554			Steroidal alkaloids	0,554	Organic compounds; Organoheterocyclic compounds; Lipids and lipid-like molecules; Alcohols and polyols; Steroids and steroid derivatives; Organonitrogen compounds; Alkaloids and derivatives; Organooxygen compounds; Cyclic alcohols and derivatives; Hydroxysteroids; Secondary alcohols; Dialkylamines; Azasteroids and derivatives; Amines; Secondary amines; Alkanolamines; Steroidal alkaloids; Hydrocarbon derivatives; Organopnictogen compounds; Organic oxygen compounds; Organic nitrogen compounds; Chemical entities	330,279	1338	623206662671223324	623205678758803986	43
1	C22H37NO	[M + H]+	C22H38NO+	Alkaloids	0,805	Pseudoalkaloids (transamidation)	0,951	Steroidal alkaloids	0,819	Lipids and lipid-like molecules	0,844	Steroids and steroid derivatives	0,836	Steroidal alkaloids	0,629			Steroidal alkaloids	0,629	Organic compounds; Lipids and lipid-like molecules; Alcohols and polyols; Steroids and steroid derivatives; Organonitrogen compounds; Organooxygen compounds; Monoalkylamines; Cyclic alcohols and derivatives; Hydroxysteroids; Secondary alcohols; Azasteroids and derivatives; Amines; Primary amines; Steroidal alkaloids; Hydrocarbon derivatives; Organopnictogen compounds; Organic oxygen compounds; Organic nitrogen compounds; Chemical entities	332,295	1338	623206618614252508	623205678804941335	44
1	C30H42N4O2	[M + H]+	C30H43N4O2+	Alkaloids	0,866	Tryptophan alkaloids	0,232	Pyrroloindole alkaloids	0,021	Organic acids and derivatives	0,999	Carboxylic acids and derivatives	0,998	Amino acids, peptides, and analogues	0,985	Amino acids and derivatives	0,984	Alpha amino acids and derivatives	0,515	Organic compounds; Organoheterocyclic compounds; Amino acids, peptides, and analogues; Alpha amino acids and derivatives; Lactams; Piperidines; Organic acids and derivatives; Carboxylic acids and derivatives; Organonitrogen compounds; Organooxygen compounds; Amino acids and derivatives; Carboxylic acid amides; Carboxylic acid derivatives; Tertiary carboxylic acid amides; Carbonyl compounds; Trialkylamines; Benzene and substituted derivatives; Benzenoids; Amines; Tertiary amines; Aralkylamines; Organic oxides; Azacyclic compounds; Hydrocarbon derivatives; Organopnictogen compounds; Organic oxygen compounds; Organic nitrogen compounds; Chemical entities	491,338	1338	623206702877822145	623205678859467292	45
1	C21H20O12	[M + H]+	C21H21O12+	Shikimates and Phenylpropanoids	1,000	Flavonoids	0,999	Flavonols	0,990	Phenylpropanoids and polyketides	0,998	Flavonoids	0,998	Flavonoid glycosides	0,993	Flavonoid O-glycosides	0,994	Flavonoid-3-O-glycosides	0,751	Organic compounds; Organoheterocyclic compounds; Carbohydrates and carbohydrate conjugates; Pyrans; Benzopyrans; Alcohols and polyols; Phenols; Catechols; Chromones; Ethers; Phenylpropanoids and polyketides; Organic acids and derivatives; Primary alcohols; Organooxygen compounds; Flavonoids; Pyranones and derivatives; Flavonoid glycosides; Benzenediols; Hexoses; Monosaccharides; Flavonoid O-glycosides; Flavones; Acetals; Secondary alcohols; Oxanes; Glycosyl compounds; O-glycosyl compounds; Benzene and substituted derivatives; Polyols; Benzenoids; 3'-hydroxyflavonoids; 4'-hydroxyflavonoids; Hydroxyflavonoids; 5-hydroxyflavonoids; 7-hydroxyflavonoids; 1-benzopyrans; Flavonoid-3-O-glycosides; Vinylogous acids; Organic oxides; Oxacyclic compounds; Heteroaromatic compounds; Hydrocarbon derivatives; Organic oxygen compounds; 1-hydroxy-2-unsubstituted benzenoids; 1-hydroxy-4-unsubstituted benzenoids; Chemical entities	465,103	1338	623206680757062483	623205678918187553	46
1	C16H14O4	[M + H]+	C16H15O4+	Shikimates and Phenylpropanoids	1,000	Coumarins	1,000	Furocoumarins	0,999	Phenylpropanoids and polyketides	0,997	Coumarins and derivatives	0,996	Furanocoumarins	0,988	Linear furanocoumarins	0,978	Psoralens	0,978	Organic compounds; Organoheterocyclic compounds; Lactones; Furans; Pyrans; Benzopyrans; Alkyl aryl ethers; Coumarins and derivatives; Psoralens; Ethers; Phenylpropanoids and polyketides; Benzofurans; Organooxygen compounds; Furanocoumarins; Pyranones and derivatives; Benzenoids; Linear furanocoumarins; 1-benzopyrans; Organic oxides; Oxacyclic compounds; Heteroaromatic compounds; Hydrocarbon derivatives; Organic oxygen compounds; Chemical entities	271,097	1338	623206621604791338	623205678964324902	47
1	C27H35NO12	[M + H]+	C27H36NO12+	Alkaloids	0,999	Tyrosine alkaloids	0,996	Terpenoid tetrahydroisoquinoline alkaloids	0,999	Lipids and lipid-like molecules	0,903	Prenol lipids	0,984	Terpene glycosides	0,986			Terpene glycosides	0,986	Organic compounds; Organoheterocyclic compounds; Carbohydrates and carbohydrate conjugates; Lipids and lipid-like molecules; Aromatic monoterpenoids; Alcohols and polyols; Phenols; Sugar acids and derivatives; Ethers; Prenol lipids; Organic acids and derivatives; Carboxylic acids and derivatives; Organonitrogen compounds; Primary alcohols; Organooxygen compounds; Carboxylic acid amides; Carboxylic acid derivatives; Carboxylic acid esters; Monosaccharides; Monoterpenoids; Bicyclic monoterpenoids; Iridoids and derivatives; Acetals; Secondary alcohols; Tertiary carboxylic acid amides; Carbonyl compounds; Oxanes; Terpene glycosides; Glycosyl compounds; O-glycosyl compounds; Polyols; Benzenoids; Tetrahydroisoquinolines; Methyl esters; Enoate esters; Alpha,beta-unsaturated carboxylic esters; Vinylogous esters; Acetamides; Organic oxides; Azacyclic compounds; Oxacyclic compounds; Hydrocarbon derivatives; Organopnictogen compounds; Organic oxygen compounds; 1-hydroxy-2-unsubstituted benzenoids; Organic nitrogen compounds; Chemical entities	566,223	1338	623206614398976848	623205679006267947	48
1	C16H19NO2	[M + H]+	C16H20NO2+	Alkaloids	0,982	Lysine alkaloids	0,721	Piperidine alkaloids	0,211	Organic nitrogen compounds	1,000	Organonitrogen compounds	1,000	Amines	0,995	Aralkylamines	0,897	Aralkylamines	0,897	Organic compounds; Organoheterocyclic compounds; Piperidines; Ethers; Organonitrogen compounds; Organooxygen compounds; Trialkylamines; Benzenoids; Amines; Tertiary amines; Aralkylamines; Azacyclic compounds; Oxacyclic compounds; Hydrocarbon derivatives; Organopnictogen compounds; Organic oxygen compounds; Organic nitrogen compounds; Chemical entities	258,149	1338	623206659668101530	623205679064988208	49
1	C10H10O4	[M + H]+	C10H11O4+	Shikimates and Phenylpropanoids	0,996	Phenylpropanoids (C6-C3)	0,999	Cinnamic acids and derivatives	0,999	Phenylpropanoids and polyketides	0,952	Cinnamic acids and derivatives	0,895	Hydroxycinnamic acids and derivatives	0,938	Coumaric acids and derivatives	0,927	Coumaric acids and derivatives	0,927	Organic compounds; Styrenes; Coumaric acids and derivatives; Alkyl aryl ethers; Phenols; Anisoles; Methoxyphenols; Ethers; Phenylpropanoids and polyketides; Organic acids and derivatives; Carboxylic acids and derivatives; Organooxygen compounds; Cinnamic acids and derivatives; Monocarboxylic acids and derivatives; Carboxylic acids; Hydroxycinnamic acids and derivatives; Carbonyl compounds; Benzene and substituted derivatives; Phenol ethers; Benzenoids; Hydroxycinnamic acids; Cinnamic acids; Organic oxides; Methoxybenzenes; Hydrocarbon derivatives; Organic oxygen compounds; 1-hydroxy-2-unsubstituted benzenoids; Phenoxy compounds; Chemical entities	195,065	1338	623206674536909606	623205679111125557	50
1	C21H34O	[M + H3N + H]+	C21H38NO+	Terpenoids	0,974	Diterpenoids	0,810	Labdane diterpenoids	0,093	Lipids and lipid-like molecules	0,936	Prenol lipids	0,863	Diterpenoids	0,699			Diterpenoids	0,699	Organic compounds; Lipids and lipid-like molecules; Alcohols and polyols; Prenol lipids; Organooxygen compounds; Diterpenoids; Hydrocarbon derivatives; Organic oxygen compounds; Chemical entities	320,295	1338	623206694677957599	623205679161457210	51
1	C16H12O5	[M + H]+	C16H13O5+	Shikimates and Phenylpropanoids	0,998	Isoflavonoids	0,983	Isoflavones	0,980	Phenylpropanoids and polyketides	0,987	Isoflavonoids	0,978	O-methylated isoflavonoids	0,560			O-methylated isoflavonoids	0,560	Organic compounds; Organoheterocyclic compounds; Pyrans; Benzopyrans; Alkyl aryl ethers; Phenols; Anisoles; Chromones; Ethers; Phenylpropanoids and polyketides; Organic acids and derivatives; Organooxygen compounds; Pyranones and derivatives; Isoflavones; Benzene and substituted derivatives; Phenol ethers; Benzenoids; Isoflavonoids; O-methylated isoflavonoids; Isoflav-2-enes; 1-benzopyrans; Vinylogous acids; Organic oxides; Oxacyclic compounds; Heteroaromatic compounds; Hydrocarbon derivatives; Hydroxyisoflavonoids; Organic oxygen compounds; 1-hydroxy-2-unsubstituted benzenoids; 1-hydroxy-4-unsubstituted benzenoids; Chemical entities	285,076	1338	623206633243985360	623205679207594559	52
1	C21H20O12	[M + H]+	C21H21O12+	Shikimates and Phenylpropanoids	1,000	Flavonoids	0,999	Flavonols	0,990	Phenylpropanoids and polyketides	0,999	Flavonoids	0,998	Flavonoid glycosides	0,994	Flavonoid O-glycosides	0,995	Flavonoid-3-O-glycosides	0,768	Organic compounds; Organoheterocyclic compounds; Carbohydrates and carbohydrate conjugates; Pyrans; Benzopyrans; Alcohols and polyols; Phenols; Catechols; Chromones; Ethers; Phenylpropanoids and polyketides; Organic acids and derivatives; Primary alcohols; Organooxygen compounds; Flavonoids; Pyranones and derivatives; Flavonoid glycosides; Benzenediols; Hexoses; Monosaccharides; Flavonoid O-glycosides; Flavones; Acetals; Secondary alcohols; Oxanes; Glycosyl compounds; O-glycosyl compounds; Benzene and substituted derivatives; Polyols; Benzenoids; 3'-hydroxyflavonoids; 4'-hydroxyflavonoids; Hydroxyflavonoids; 5-hydroxyflavonoids; 7-hydroxyflavonoids; 1-benzopyrans; Flavonoid-3-O-glycosides; Vinylogous acids; Organic oxides; Oxacyclic compounds; Heteroaromatic compounds; Hydrocarbon derivatives; Organic oxygen compounds; 1-hydroxy-2-unsubstituted benzenoids; 1-hydroxy-4-unsubstituted benzenoids; Chemical entities	465,103	1338	623206697504918612	623205679249537604	53
1	C16H12O7	[M + H]+	C16H13O7+	Shikimates and Phenylpropanoids	1,000	Flavonoids	0,999	Flavonols	0,987	Phenylpropanoids and polyketides	0,997	Flavonoids	0,996	O-methylated flavonoids	0,990	3'-O-methylated flavonoids	0,744	3'-O-methylated flavonoids	0,744	Organic compounds; Organoheterocyclic compounds; Pyrans; Benzopyrans; Alkyl aryl ethers; Alcohols and polyols; Phenols; Anisoles; Chromones; Methoxyphenols; Ethers; Phenylpropanoids and polyketides; Organic acids and derivatives; Organooxygen compounds; Flavonoids; Pyranones and derivatives; Flavonols; Flavones; Benzene and substituted derivatives; Polyols; Phenol ethers; Benzenoids; O-methylated flavonoids; 3'-O-methylated flavonoids; 3-hydroxyflavonoids; 4'-hydroxyflavonoids; Hydroxyflavonoids; 5-hydroxyflavonoids; 7-hydroxyflavonoids; 1-benzopyrans; Vinylogous acids; Organic oxides; Methoxybenzenes; Oxacyclic compounds; Heteroaromatic compounds; Hydrocarbon derivatives; Organic oxygen compounds; 1-hydroxy-2-unsubstituted benzenoids; 1-hydroxy-4-unsubstituted benzenoids; Phenoxy compounds; Chemical entities	317,066	1338	623206714160500047	623205679295674953	54
1	C15H10O6	[M + H]+	C15H11O6+	Shikimates and Phenylpropanoids	1,000	Flavonoids	0,993	Flavonols	0,924	Phenylpropanoids and polyketides	0,987	Flavonoids	0,969	Flavones	0,932	Flavonols	0,877	Flavonols	0,877	Organic compounds; Organoheterocyclic compounds; Pyrans; Benzopyrans; Alcohols and polyols; Phenols; Chromones; Phenylpropanoids and polyketides; Organic acids and derivatives; Organooxygen compounds; Flavonoids; Pyranones and derivatives; Flavonols; Flavones; Benzene and substituted derivatives; Polyols; Benzenoids; 3-hydroxyflavonoids; 4'-hydroxyflavonoids; Hydroxyflavonoids; 5-hydroxyflavonoids; 7-hydroxyflavonoids; 1-benzopyrans; Vinylogous acids; Organic oxides; Oxacyclic compounds; Heteroaromatic compounds; Hydrocarbon derivatives; Organic oxygen compounds; 1-hydroxy-2-unsubstituted benzenoids; 1-hydroxy-4-unsubstituted benzenoids; Chemical entities	287,055	1338	623206635303388743	623205679337617998	55
1	C15H24N2O	[M + H]+	C15H25N2O+	Alkaloids	1,000	Lysine alkaloids	1,000	Quinolizidine alkaloids	1,000	Alkaloids and derivatives	0,891	Lupin alkaloids	0,982	Sparteine, lupanine, and related alkaloids	0,717			Sparteine, lupanine, and related alkaloids	0,717	Organic compounds; Organoheterocyclic compounds; Amino acids, peptides, and analogues; Lactams; Delta lactams; Piperidines; Quinolizidines; Organic acids and derivatives; Carboxylic acids and derivatives; Organonitrogen compounds; Alkaloids and derivatives; Organooxygen compounds; Amino acids and derivatives; Carboxylic acid amides; Carboxylic acid derivatives; Quinolizidinones; Piperidinones; Tertiary carboxylic acid amides; Sparteine, lupanine, and related alkaloids; Carbonyl compounds; Naphthyridines; Trialkylamines; Amines; Tertiary amines; Lupin alkaloids; Organic oxides; Azacyclic compounds; Hydrocarbon derivatives; Organopnictogen compounds; Organic oxygen compounds; Organic nitrogen compounds; Diazanaphthalenes; Chemical entities	249,196	1338	623206667272374959	623205679383755347	56
1	C25H37NO	[M + K]+	C25H37KNO+	Amino acids and Peptides	0,931	Phenylpropanoids (C6-C3)	0,958	Cinnamic acid amides	0,982	Phenylpropanoids and polyketides	0,996	Cinnamic acids and derivatives	0,994	Cinnamic acid amides	0,984			Cinnamic acid amides	0,984	Organic compounds; Lipids and lipid-like molecules; Styrenes; Phenylpropanoids and polyketides; Organic acids and derivatives; Carboxylic acids and derivatives; Organonitrogen compounds; Organooxygen compounds; Carboxylic acid amides; Cinnamic acids and derivatives; Carboxylic acid derivatives; Secondary carboxylic acid amides; Carbonyl compounds; Benzene and substituted derivatives; Benzenoids; Cinnamic acid amides; Organic oxides; Hydrocarbon derivatives; Organopnictogen compounds; Organic oxygen compounds; Organic nitrogen compounds; Chemical entities	406,248	1338	623206663883377249	623205679429892696	57
1	C16H23NO6	[M + H]+	C16H24NO6+	Alkaloids	1,000	Ornithine alkaloids	1,000	Pyrrolizidine alkaloids	1,000	Organic acids and derivatives	1,000	Carboxylic acids and derivatives	1,000	Amino acids, peptides, and analogues	0,946	Amino acids and derivatives	0,945	Amino acids and derivatives	0,945	Organic compounds; Organoheterocyclic compounds; Amino acids, peptides, and analogues; Lactones; Pyrrolines; Alcohols and polyols; Pyrrolidines; Pyrrolizines; Organic acids and derivatives; Carboxylic acids and derivatives; Organonitrogen compounds; Alkaloids and derivatives; Organooxygen compounds; Dicarboxylic acids and derivatives; Amino acids and derivatives; Carboxylic acid derivatives; Carboxylic acid esters; Tertiary alcohols; Carbonyl compounds; Trialkylamines; Polyols; Amines; Tertiary amines; N-alkylpyrrolidines; Organic oxides; Azacyclic compounds; Oxacyclic compounds; Hydrocarbon derivatives; Organopnictogen compounds; Organic oxygen compounds; Organic nitrogen compounds; Chemical entities	326,159	1338	623206636389713540	623205679476030045	58
1	C21H20O12	[M + H]+	C21H21O12+	Shikimates and Phenylpropanoids	1,000	Flavonoids	0,999	Flavonols	0,997	Phenylpropanoids and polyketides	0,993	Flavonoids	0,995	Flavonoid glycosides	0,992	Flavonoid O-glycosides	0,993	Flavonoid-3-O-glycosides	0,946	Organic compounds; Organoheterocyclic compounds; Carbohydrates and carbohydrate conjugates; Pyrans; Benzopyrans; Alcohols and polyols; Phenols; Chromones; Ethers; Phenylpropanoids and polyketides; Organic acids and derivatives; Organooxygen compounds; Flavonoids; Pyrogallols and derivatives; Pyranones and derivatives; Flavonoid glycosides; Benzenetriols and derivatives; Hexoses; Monosaccharides; Flavonoid O-glycosides; Flavones; Acetals; Secondary alcohols; Oxanes; Glycosyl compounds; O-glycosyl compounds; Benzene and substituted derivatives; Polyols; Benzenoids; 3'-hydroxyflavonoids; 4'-hydroxyflavonoids; Hydroxyflavonoids; 5-hydroxyflavonoids; 7-hydroxyflavonoids; 1-benzopyrans; Flavonoid-3-O-glycosides; Vinylogous acids; Organic oxides; Oxacyclic compounds; Heteroaromatic compounds; Hydrocarbon derivatives; Organic oxygen compounds; 1-hydroxy-2-unsubstituted benzenoids; 1-hydroxy-4-unsubstituted benzenoids; Chemical entities	465,103	1338	623206695843974161	623205679517973090	59
1	C31H43N5O2	[M + H]+	C31H44N5O2+	Alkaloids	0,812	Pseudoalkaloids (transamidation)	0,392	Steroidal alkaloids	0,382	Organic nitrogen compounds	1,000	Organonitrogen compounds	1,000	Amines	0,949	Tertiary amines	0,775	Dialkylarylamines	0,658	Organic compounds; Organoheterocyclic compounds; Triazines; Organonitrogen compounds; Organooxygen compounds; Aminotriazines; Amines; Tertiary amines; Tertiary alkylarylamines; Dialkylarylamines; 1,3,5-triazines; Azacyclic compounds; Heteroaromatic compounds; Hydrocarbon derivatives; Organopnictogen compounds; Organic oxygen compounds; Organic nitrogen compounds; Chemical entities	518,347	1338	623206879088922789	623205679555721831	60
1	C12H16N2O	[M + H]+	C12H17N2O+	Alkaloids	1,000	Nicotinic acid alkaloids	0,900	Pyridine alkaloids	0,900	Alkaloids and derivatives	0,928	Lupin alkaloids	0,665					Lupin alkaloids	0,665	Organic compounds; Organoheterocyclic compounds; Pyridines and derivatives; Lactams; Piperidines; Organonitrogen compounds; Alkaloids and derivatives; Organooxygen compounds; Pyridinones; Hydropyridines; Trialkylamines; Amines; Tertiary amines; Lupin alkaloids; Aralkylamines; Organic oxides; Azacyclic compounds; Heteroaromatic compounds; Hydrocarbon derivatives; Organopnictogen compounds; Organic oxygen compounds; Organic nitrogen compounds; Chemical entities	205,134	1338	623207058315728222	623205679593470572	61
1	C19H34O3	[M + H3N + H]+	C19H38NO3+	Fatty acids	0,795	Diterpenoids	0,366	Fatty alcohols	0,563	Lipids and lipid-like molecules	0,830	Fatty Acyls	0,558	Fatty alcohols	0,611	Long-chain fatty alcohols	0,539	Long-chain fatty alcohols	0,539	Organic compounds; Lipids and lipid-like molecules; Alcohols and polyols; Primary alcohols; Organooxygen compounds; Fatty alcohols; Secondary alcohols; Long-chain fatty alcohols; Fatty Acyls; Hydrocarbon derivatives; Organic oxygen compounds; Chemical entities	328,285	1338	623207059364304253	623205679635413617	62
1	C11H14N2	[M + H]+	C11H15N2+	Alkaloids	0,999	Tryptophan alkaloids	0,992	Simple indole alkaloids	0,991	Organoheterocyclic compounds	0,999	Indoles and derivatives	0,997	Tryptamines and derivatives	0,827			Tryptamines and derivatives	0,827	Organic compounds; Organoheterocyclic compounds; Pyrroles; Tryptamines and derivatives; Indoles and derivatives; Organonitrogen compounds; Dialkylamines; Substituted pyrroles; Benzenoids; Amines; Secondary amines; Indoles; Aralkylamines; Azacyclic compounds; Heteroaromatic compounds; Hydrocarbon derivatives; 3-alkylindoles; Organopnictogen compounds; Organic nitrogen compounds; Chemical entities	175,123	1338	623207059553047957	623205679677356662	63
1	C9H6O3	[M + H]+	C9H7O3+	Shikimates and Phenylpropanoids	1,000	Coumarins	0,999	Simple coumarins	0,999	Phenylpropanoids and polyketides	0,995	Coumarins and derivatives	0,995	Hydroxycoumarins	0,963	7-hydroxycoumarins	0,907	7-hydroxycoumarins	0,907	Organic compounds; Organoheterocyclic compounds; Lactones; Pyrans; Benzopyrans; Phenols; Coumarins and derivatives; Phenylpropanoids and polyketides; Organooxygen compounds; Pyranones and derivatives; Benzenoids; Hydroxycoumarins; 7-hydroxycoumarins; 1-benzopyrans; Organic oxides; Oxacyclic compounds; Heteroaromatic compounds; Hydrocarbon derivatives; Organic oxygen compounds; 1-hydroxy-2-unsubstituted benzenoids; Chemical entities	163,039	1338	623207073050319013	623205679731882619	64
1	C13H9NO	[M + H]+	C13H10NO+	Alkaloids	0,929	Tyrosine alkaloids	0,477	Acridone alkaloids	0,588	Benzenoids	0,985							Benzenoids	0,985	Organic compounds; Organoheterocyclic compounds; Pyridines and derivatives; Organonitrogen compounds; Organooxygen compounds; Benzenoids; Organic oxides; Azacyclic compounds; Heteroaromatic compounds; Hydrocarbon derivatives; Organopnictogen compounds; Organic oxygen compounds; Organic nitrogen compounds; Chemical entities	196,076	1338	623207073939511510	623205679794797184	65
1	C22H23NO3	[M + H]+	C22H24NO3+	Alkaloids	0,991	Tyrosine alkaloids	0,982	Isoquinoline alkaloids	0,754	Benzenoids	1,000	Phenanthrenes and derivatives	0,774					Phenanthrenes and derivatives	0,774	Organic compounds; Organoheterocyclic compounds; Naphthalenes; Phenanthrenes and derivatives; Alkyl aryl ethers; Anisoles; Ethers; Organonitrogen compounds; Organooxygen compounds; Trialkylamines; Phenol ethers; Benzenoids; Amines; Tertiary amines; Tetrahydroisoquinolines; Aralkylamines; Azacyclic compounds; Hydrocarbon derivatives; Organopnictogen compounds; Organic oxygen compounds; Organic nitrogen compounds; Chemical entities	350,175	1338	623207098664937512	623205679836740229	66
1	C18H16O7	[M + H]+	C18H17O7+	Shikimates and Phenylpropanoids	1,000	Flavonoids	0,999	Flavonols	0,969	Phenylpropanoids and polyketides	0,999	Flavonoids	0,998	O-methylated flavonoids	0,996	3-O-methylated flavonoids	0,720	3-O-methylated flavonoids	0,720	Organic compounds; Organoheterocyclic compounds; Pyrans; Benzopyrans; Alkyl aryl ethers; Phenols; Anisoles; Chromones; Methoxyphenols; Ethers; Phenylpropanoids and polyketides; Organic acids and derivatives; Organooxygen compounds; Flavonoids; Pyranones and derivatives; Flavones; Benzene and substituted derivatives; Phenol ethers; Benzenoids; O-methylated flavonoids; 3-O-methylated flavonoids; 7-O-methylated flavonoids; 3'-O-methylated flavonoids; 3-hydroxyflavonoids; 3'-hydroxyflavonoids; 4'-hydroxyflavonoids; Hydroxyflavonoids; 5-hydroxyflavonoids; 1-benzopyrans; Vinylogous acids; Organic oxides; Methoxybenzenes; Oxacyclic compounds; Heteroaromatic compounds; Hydrocarbon derivatives; Organic oxygen compounds; 1-hydroxy-2-unsubstituted benzenoids; 1-hydroxy-4-unsubstituted benzenoids; Phenoxy compounds; 3-methoxychromones; Chemical entities	345,096	1338	623207076258962255	623205679908043402	67
1	C13H17NO3	[M - H2O + H]+	C13H16NO2+	Alkaloids	0,762	Tryptophan alkaloids	0,108	Quinoline alkaloids	0,041	Benzenoids	0,943	Benzene and substituted derivatives	0,579					Benzene and substituted derivatives	0,579	Organic compounds; Organoheterocyclic compounds; Alcohols and polyols; Organic acids and derivatives; Carboxylic acids and derivatives; Organonitrogen compounds; Organooxygen compounds; Carboxylic acid derivatives; Carbonyl compounds; Benzene and substituted derivatives; Benzenoids; Organic oxides; Azacyclic compounds; Hydrocarbon derivatives; Organopnictogen compounds; Organic oxygen compounds; Organic nitrogen compounds; Chemical entities	218,117	1338	623207084051981983	623205679991929492	69
1	C11H16N2O2	[M + H]+	C11H17N2O2+	Alkaloids	0,996	Histidine alkaloids	0,993	Imidazole alkaloids	0,993	Organoheterocyclic compounds	1,000	Lactones	0,912	Gamma butyrolactones	0,943			Gamma butyrolactones	0,943	Organic compounds; Organoheterocyclic compounds; Lactones; Imidazoles; Organic acids and derivatives; Carboxylic acids and derivatives; Organonitrogen compounds; Organooxygen compounds; Azoles; Carboxylic acid derivatives; Monocarboxylic acids and derivatives; Carboxylic acid esters; Gamma butyrolactones; Carbonyl compounds; Substituted imidazoles; N-substituted imidazoles; Organic oxides; Azacyclic compounds; Oxacyclic compounds; Heteroaromatic compounds; Hydrocarbon derivatives; Organopnictogen compounds; Organic oxygen compounds; Organic nitrogen compounds; Chemical entities	209,128	1338	623207088741214049	623205680033872537	70
1	C37H42N2O6	[M + H]+	C37H43N2O6+	Alkaloids	1,000	Tyrosine alkaloids	1,000	Isoquinoline alkaloids	0,991	Lignans, neolignans and related compounds	0,819							Lignans, neolignans and related compounds	0,819	Organic compounds; Organoheterocyclic compounds; Alkyl aryl ethers; Phenols; Anisoles; Ethers; Organonitrogen compounds; Organooxygen compounds; Lignans, neolignans and related compounds; Trialkylamines; Phenol ethers; Benzenoids; Amines; Tertiary amines; Diarylethers; Tetrahydroisoquinolines; Aralkylamines; Azacyclic compounds; Oxacyclic compounds; Hydrocarbon derivatives; Organopnictogen compounds; Organic oxygen compounds; 1-hydroxy-2-unsubstituted benzenoids; Organic nitrogen compounds; Chemical entities	611,311	1338	623207095351437265	623205680075815582	71
1	C18H35NO3	[M + H]+	C18H36NO3+	Alkaloids	0,784	Pseudoalkaloids (transamidation)	0,387	Terpenoid alkaloids	0,445	Organic oxygen compounds	0,999	Organooxygen compounds	0,997	Alcohols and polyols	0,987	Secondary alcohols	0,762	Secondary alcohols	0,762	Organic compounds; Organoheterocyclic compounds; Alcohols and polyols; Organonitrogen compounds; Primary alcohols; Organooxygen compounds; Secondary alcohols; Amines; Alkanolamines; Azacyclic compounds; Hydrocarbon derivatives; Organopnictogen compounds; Organic oxygen compounds; Organic nitrogen compounds; Chemical entities	314,269	1338	623207098274867214	623205680117758627	72
1	C33H40N4O7	[M + H]+	C33H41N4O7+	Alkaloids	0,969	Tryptophan alkaloids	0,984	Aspidosperma type	0,639	Organic acids and derivatives	0,996	Carboxylic acids and derivatives	0,992	Amino acids, peptides, and analogues	0,926	Amino acids and derivatives	0,926	Amino acids and derivatives	0,926	Organic compounds; Organoheterocyclic compounds; Amino acids, peptides, and analogues; Carbazoles; Indoles and derivatives; Pyrrolidines; Organic acids and derivatives; Carboxylic acids and derivatives; Organonitrogen compounds; Alkaloids and derivatives; Organooxygen compounds; Dicarboxylic acids and derivatives; Amino acids and derivatives; Carboxylic acid derivatives; Carboxylic acid esters; Carbonyl compounds; Trialkylamines; Benzenoids; Amines; Secondary amines; Tertiary amines; Indoles; Methyl esters; Aralkylamines; Organic oxides; Azacyclic compounds; Hydrocarbon derivatives; Organopnictogen compounds; Organic oxygen compounds; Organic nitrogen compounds; Chemical entities	605,303	1338	623207107976294318	623205680159701672	73
1	C15H8O6	[M + H]+	C15H9O6+	Polyketides	0,986	Polycyclic aromatic polyketides	0,983	Anthraquinones and anthrones	0,983	Benzenoids	1,000	Anthracenes	0,832	Anthracenecarboxylic acids and derivatives	0,831	Anthracenecarboxylic acids	0,872	Anthracenecarboxylic acids	0,872	Organic compounds; Anthracenes; Ketones; Anthraquinones; Benzoic acids and derivatives; Organic acids and derivatives; Carboxylic acids and derivatives; Organooxygen compounds; Carboxylic acids; Carbonyl compounds; Naphthalenecarboxylic acids and derivatives; Anthracenecarboxylic acids and derivatives; Benzene and substituted derivatives; Naphthalenecarboxylic acids; Anthracenecarboxylic acids; Benzenoids; Aryl ketones; Organic oxides; Hydrocarbon derivatives; Organic oxygen compounds; Chemical entities	285,038	1338	623207101689030766	623205680197450413	74
1	C27H30O16	[M + H]+	C27H31O16+	Shikimates and Phenylpropanoids	1,000	Flavonoids	1,000	Flavonols	0,984	Phenylpropanoids and polyketides	0,998	Flavonoids	0,999	Flavonoid glycosides	0,998	Flavonoid O-glycosides	0,997	Flavonoid-3-O-glycosides	0,969	Organic compounds; Organoheterocyclic compounds; Carbohydrates and carbohydrate conjugates; Pyrans; Benzopyrans; Alcohols and polyols; Phenols; Catechols; Chromones; Ethers; Phenylpropanoids and polyketides; Organic acids and derivatives; Organooxygen compounds; Flavonoids; Pyranones and derivatives; Flavonoid glycosides; Benzenediols; Disaccharides; Flavonoid O-glycosides; Flavones; Acetals; Secondary alcohols; Oxanes; Glycosyl compounds; O-glycosyl compounds; Benzene and substituted derivatives; Polyols; Benzenoids; 3'-hydroxyflavonoids; 4'-hydroxyflavonoids; Hydroxyflavonoids; 5-hydroxyflavonoids; 7-hydroxyflavonoids; 1-benzopyrans; Flavonoid-3-O-glycosides; Vinylogous acids; Organic oxides; Oxacyclic compounds; Heteroaromatic compounds; Hydrocarbon derivatives; Organic oxygen compounds; 1-hydroxy-2-unsubstituted benzenoids; 1-hydroxy-4-unsubstituted benzenoids; Chemical entities	611,161	1338	623207143103591237	623205680239393458	75
1	C13H18O7	[M + Na]+	C13H18NaO7+	Shikimates and Phenylpropanoids	0,749	Phenolic acids (C6-C1)	0,620	Simple phenolic acids	0,823	Organic oxygen compounds	1,000	Organooxygen compounds	1,000	Carbohydrates and carbohydrate conjugates	0,997	Glycosyl compounds	0,968	Phenolic glycosides	0,917	Organic compounds; Organoheterocyclic compounds; Carbohydrates and carbohydrate conjugates; Alcohols and polyols; Ethers; Primary alcohols; Organooxygen compounds; Hexoses; Monosaccharides; Acetals; Secondary alcohols; Oxanes; Glycosyl compounds; O-glycosyl compounds; Benzene and substituted derivatives; Polyols; Phenol ethers; Benzenoids; Oxacyclic compounds; Hydrocarbon derivatives; Phenolic glycosides; Organic oxygen compounds; Phenoxy compounds; Chemical entities	309,095	1338	623207103446444215	623205680272947895	76
1	C13H20O3	[M + Na]+	C13H20NaO3+	Terpenoids	0,998	Sesquiterpenoids	0,995	Eudesmane sesquiterpenoids	0,938	Lipids and lipid-like molecules	0,655	Prenol lipids	0,655	Terpene lactones	0,624	Sesquiterpene lactones	0,734	Eudesmanolides, secoeudesmanolides, and derivatives	0,816	Organic compounds; Organoheterocyclic compounds; Lipids and lipid-like molecules; Lactones; Ketones; Prenol lipids; Organic acids and derivatives; Carboxylic acids and derivatives; Organooxygen compounds; Carboxylic acid derivatives; Monocarboxylic acids and derivatives; Carboxylic acid esters; Gamma butyrolactones; Terpene lactones; Sesquiterpene lactones; Sesquiterpenoids; Naphthofurans; Eudesmanolides, secoeudesmanolides, and derivatives; Carbonyl compounds; Tetrahydrofurans; Cyclic ketones; Organic oxides; Oxacyclic compounds; Hydrocarbon derivatives; Organic oxygen compounds; Chemical entities	247,133	1338	623207102855047316	623205680319085244	77
1	C13H17N7O2	[M + H]+	C13H18N7O2+	Amino acids and Peptides	0,835	Small peptides	0,601	Dipeptides	0,202	Organic acids and derivatives	0,865	Carboxylic acids and derivatives	0,722	Amino acids, peptides, and analogues	0,611	Amino acids and derivatives	0,607	Amino acids and derivatives	0,607	Organic compounds; Organoheterocyclic compounds; Amino acids, peptides, and analogues; Organic acids and derivatives; Carboxylic acids and derivatives; Organonitrogen compounds; Organooxygen compounds; Amino acids and derivatives; Azoles; Carboxylic acid amides; Carboxylic acid derivatives; Carbonyl compounds; Benzene and substituted derivatives; Benzenoids; Amines; Aralkylamines; Organic oxides; Azacyclic compounds; Heteroaromatic compounds; Hydrocarbon derivatives; Organopnictogen compounds; Organic oxygen compounds; Organic nitrogen compounds; Chemical entities	304,154	1338	623207147801212003	623205680352639681	78
1	C10H8O4	[M + H]+	C10H9O4+	Shikimates and Phenylpropanoids	1,000	Coumarins	1,000	Simple coumarins	0,989	Phenylpropanoids and polyketides	0,994	Coumarins and derivatives	0,992	Hydroxycoumarins	0,962	7-hydroxycoumarins	0,850	7-hydroxycoumarins	0,850	Organic compounds; Organoheterocyclic compounds; Lactones; Pyrans; Benzopyrans; Alkyl aryl ethers; Phenols; Anisoles; Coumarins and derivatives; Ethers; Phenylpropanoids and polyketides; Organooxygen compounds; Pyranones and derivatives; Phenol ethers; Benzenoids; Hydroxycoumarins; 7-hydroxycoumarins; 1-benzopyrans; Organic oxides; Oxacyclic compounds; Heteroaromatic compounds; Hydrocarbon derivatives; Organic oxygen compounds; 1-hydroxy-2-unsubstituted benzenoids; Chemical entities	193,049	1338	623207144764535739	623205680390388422	79
1	C15H26N2	[M + H]+	C15H27N2+	Alkaloids	1,000	Lysine alkaloids	1,000	Quinolizidine alkaloids	1,000	Alkaloids and derivatives	0,926	Lupin alkaloids	0,984	Sparteine, lupanine, and related alkaloids	0,977			Sparteine, lupanine, and related alkaloids	0,977	Organic compounds; Organoheterocyclic compounds; Piperidines; Quinolizidines; Organonitrogen compounds; Alkaloids and derivatives; Sparteine, lupanine, and related alkaloids; Trialkylamines; Amines; Tertiary amines; Lupin alkaloids; Azacyclic compounds; Hydrocarbon derivatives; Organopnictogen compounds; Organic nitrogen compounds; Chemical entities	235,217	1338	623207138372416237	623205680524606155	80
1	C32H43NO9	[M + H]+	C32H44NO9+	Terpenoids	0,839	Triterpenoids	0,917	Limonoids	0,926	Lipids and lipid-like molecules	0,819	Prenol lipids	0,693	Triterpenoids	0,559	Limonoids	0,639	Limonoids	0,639	Organic compounds; Organoheterocyclic compounds; Lipids and lipid-like molecules; Amino acids, peptides, and analogues; Lactones; Furans; Ketones; Ethers; Prenol lipids; Organic acids and derivatives; Carboxylic acids and derivatives; Organonitrogen compounds; Organooxygen compounds; Amino acids and derivatives; Carboxylic acid derivatives; Dialkyl ethers; Carboxylic acid esters; Delta valerolactones; Triterpenoids; Naphthopyrans; Carbonyl compounds; Oxanes; Limonoids; Methyl esters; Organic oxides; Oxacyclic compounds; Heteroaromatic compounds; Hydrocarbon derivatives; Organopnictogen compounds; Organic oxygen compounds; Organic nitrogen compounds; Chemical entities	586,301	1338	623207142663189282	623205680570743504	81
1	C9H10O5	[M + H]+	C9H11O5+	Shikimates and Phenylpropanoids	0,990	Phenolic acids (C6-C1)	0,736	Simple phenolic acids	0,564	Benzenoids	1,000	Benzene and substituted derivatives	1,000	Benzoic acids and derivatives	0,989	Hydroxybenzoic acid derivatives	0,982	Gallic acid and derivatives	0,901	Organic compounds; Alkyl aryl ethers; Phenols; Anisoles; Benzoic acids and derivatives; Methoxyphenols; Ethers; Organic acids and derivatives; Carboxylic acids and derivatives; Benzoyl derivatives; Organooxygen compounds; Monocarboxylic acids and derivatives; Carboxylic acids; Hydroxybenzoic acid derivatives; Gallic acid and derivatives; Benzene and substituted derivatives; Phenol ethers; Methoxybenzoic acids and derivatives; P-methoxybenzoic acids and derivatives; M-methoxybenzoic acids and derivatives; Benzenoids; Benzoic acids; Organic oxides; Methoxybenzenes; Hydrocarbon derivatives; Organic oxygen compounds; 1-hydroxy-2-unsubstituted benzenoids; 1-hydroxy-4-unsubstituted benzenoids; Phenoxy compounds; Chemical entities	199,060	1338	623207145611785215	623205680604297941	82
1	C20H24N2O	[M + H]+	C20H25N2O+	Alkaloids	0,999	Tryptophan alkaloids	0,994	Corynanthe type	0,953	Organoheterocyclic compounds	1,000	Indoles and derivatives	0,972	Pyridoindoles	0,928	Beta carbolines	0,934	Beta carbolines	0,934	Organic compounds; Organoheterocyclic compounds; Pyrroles; Alcohols and polyols; Piperidines; Indoles and derivatives; Organonitrogen compounds; Alkaloids and derivatives; Primary alcohols; Organooxygen compounds; Pyridoindoles; Beta carbolines; Trialkylamines; Benzenoids; Amines; Tertiary amines; Indoles; Aralkylamines; Azacyclic compounds; Heteroaromatic compounds; Hydrocarbon derivatives; 3-alkylindoles; Organopnictogen compounds; Organic oxygen compounds; Organic nitrogen compounds; Chemical entities	309,197	1338	623207131393094267	623205680642046682	83
1	C10H13N5	[M + H]+	C10H14N5+	Alkaloids	0,997	Pseudoalkaloids (transamidation)	0,988	Purine alkaloids	0,994	Organoheterocyclic compounds	1,000	Imidazopyrimidines	0,989	Purines and purine derivatives	0,990	6-aminopurines	0,923	6-alkylaminopurines	0,699	Organic compounds; Organoheterocyclic compounds; Pyrimidines and pyrimidine derivatives; Imidazoles; Purines and purine derivatives; Organonitrogen compounds; Azoles; Aminopyrimidines and derivatives; Diazines; Imidazopyrimidines; Amines; 6-aminopurines; 6-alkylaminopurines; Imidolactams; Azacyclic compounds; Heteroaromatic compounds; Hydrocarbon derivatives; Organopnictogen compounds; Organic nitrogen compounds; Chemical entities	204,124	1338	623207145393681381	623205680675601119	84
1	C7H7NO2	[M + H]+	C7H8NO2+	Alkaloids	0,810	Nicotinic acid alkaloids	0,968	Pyridine alkaloids	0,968	Organoheterocyclic compounds	0,777	Pyridines and derivatives	0,873	Pyridinecarboxylic acids and derivatives	0,665	Pyridinecarboxylic acids	0,667	Pyridinecarboxylic acids	0,667	Organic compounds; Organoheterocyclic compounds; Pyridines and derivatives; Organic acids and derivatives; Carboxylic acids and derivatives; Organonitrogen compounds; Organooxygen compounds; Pyridinecarboxylic acids and derivatives; Pyridinecarboxylic acids; Organic oxides; Azacyclic compounds; Heteroaromatic compounds; Hydrocarbon derivatives; Organopnictogen compounds; Organic oxygen compounds; Organic nitrogen compounds; Chemical entities	138,055	1338	623207128431915488	623205680713349860	85
1	C11H14O3	[M + H]+	C11H15O3+	Shikimates and Phenylpropanoids	0,810	Phenylpropanoids (C6-C3)	0,964	Cinnamic acids and derivatives	0,728	Benzenoids	1,000	Benzene and substituted derivatives	0,985	Methoxybenzenes	0,983	Dimethoxybenzenes	0,722	Dimethoxybenzenes	0,722	Organic compounds; Styrenes; Alkyl aryl ethers; Anisoles; Ethers; Organooxygen compounds; Benzene and substituted derivatives; Phenol ethers; Benzenoids; Dimethoxybenzenes; Methoxybenzenes; Hydrocarbon derivatives; Organic oxygen compounds; Phenoxy compounds; Chemical entities	195,101	1338	623207143950840683	623205680751098601	86
1	C24H27NO3	[M + H]+	C24H28NO3+	Alkaloids	0,999	Tyrosine alkaloids	0,995	Isoquinoline alkaloids	0,873	Organoheterocyclic compounds	0,920	Isoquinolines and derivatives	0,243	Naphthylisoquinolines	0,856			Naphthylisoquinolines	0,856	Organic compounds; Organoheterocyclic compounds; Naphthalenes; Phenanthrenes and derivatives; Alkyl aryl ethers; Anisoles; Ethers; Organonitrogen compounds; Organooxygen compounds; Naphthylisoquinolines; Dialkylamines; Phenol ethers; Naphthols and derivatives; Benzenoids; Amines; Secondary amines; Tetrahydroisoquinolines; Aralkylamines; Azacyclic compounds; Hydrocarbon derivatives; Organopnictogen compounds; Organic oxygen compounds; Organic nitrogen compounds; Chemical entities	378,206	1338	623207128687768054	623205680784653038	87
1	C18H16O7	[M + H]+	C18H17O7+	Polyketides	0,984	Aromatic polyketides	0,794	Depsides and depsidones	0,745	Benzenoids	0,992	Benzene and substituted derivatives	0,714	Acetophenones	0,772			Acetophenones	0,772	Organic compounds; Organoheterocyclic compounds; Ketones; Acetophenones; Phenols; Organic acids and derivatives; Organooxygen compounds; Carbonyl compounds; Benzene and substituted derivatives; Benzenoids; Cyclic ketones; Aryl ketones; Aryl alkyl ketones; Vinylogous acids; Organic oxides; Oxacyclic compounds; Hydrocarbon derivatives; Cyclohexenones; Organic oxygen compounds; Chemical entities	345,096	1338	623207149382464691	623205680826596083	88
1	C13H18O2	[M + H]+	C13H19O2+	Terpenoids	0,982	Apocarotenoids	0,544	Apocarotenoids(Îµ-)	0,712	Lipids and lipid-like molecules	0,482	Prenol lipids	0,577					Prenol lipids	0,577	Organic compounds; Ketones; Alcohols and polyols; Prenol lipids; Organooxygen compounds; Carbonyl compounds; Cyclic ketones; Organic oxides; Hydrocarbon derivatives; Organic oxygen compounds; Chemical entities	207,138	1338	623207123801403729	623205680864344824	89
1	C24H25N5O5	[M + H3N + H]+	C24H29N6O5+	Alkaloids	0,408	Small peptides	0,065	Benzodiazepine alkaloids	0,030	Benzenoids	0,952	Benzene and substituted derivatives	0,844	Benzoic acids and derivatives	0,584			Benzoic acids and derivatives	0,584	Organic compounds; Organoheterocyclic compounds; Benzoic acids and derivatives; Organic acids and derivatives; Carboxylic acids and derivatives; Organonitrogen compounds; Benzoyl derivatives; Organooxygen compounds; Azoles; Carboxylic acid amides; Carboxylic acid derivatives; Diazines; Secondary carboxylic acid amides; Carbonyl compounds; Benzene and substituted derivatives; Benzenoids; Organic oxides; Azacyclic compounds; Heteroaromatic compounds; Hydrocarbon derivatives; Organopnictogen compounds; Organic oxygen compounds; Organic nitrogen compounds; Chemical entities	481,218	1338	623207144340910995	623205680897899261	90
1	C39H50N4O3	[M + Na]+	C39H50N4NaO3+	Alkaloids	1,000	Tryptophan alkaloids	1,000	Aspidosperma type	0,990	Alkaloids and derivatives	0,964	Aspidofractine alkaloids	0,892					Aspidofractine alkaloids	0,892	Organic compounds; Organoheterocyclic compounds; Amino acids, peptides, and analogues; Azaspirodecane derivatives; Piperidines; Carbazoles; Indoles and derivatives; Pyrrolidines; Indolizidines; Organic acids and derivatives; Carboxylic acids and derivatives; Organonitrogen compounds; Alkaloids and derivatives; Organooxygen compounds; Amino acids and derivatives; Carboxylic acid derivatives; Monocarboxylic acids and derivatives; Indolines; Carboxylic acid esters; Carbonyl compounds; Trialkylamines; Benzenoids; Amines; Secondary amines; Tertiary amines; Tertiary alkylarylamines; Secondary alkylarylamines; Aspidospermatan-type alkaloids; Methyl esters; N-alkylpyrrolidines; Aspidofractine alkaloids; Quinolidines; Aralkylamines; Organic oxides; Azacyclic compounds; Hydrocarbon derivatives; Organopnictogen compounds; Organic oxygen compounds; Organic nitrogen compounds; Chemical entities	645,378	1338	623207124887728496	623205680939842306	91
1	C34H47NO10	[M + H3N + H]+	C34H51N2O10+	Alkaloids	0,999	Pseudoalkaloids (transamidation)	0,998	Terpenoid alkaloids	0,998	Lipids and lipid-like molecules	0,886	Prenol lipids	0,889	Diterpenoids	0,966	Aconitane-type diterpenoid alkaloids	0,944	Aconitane-type diterpenoid alkaloids	0,944	Organic compounds; Organoheterocyclic compounds; Lipids and lipid-like molecules; Amino acids, peptides, and analogues; Alcohols and polyols; Benzoic acids and derivatives; Piperidines; Ethers; Prenol lipids; Organic acids and derivatives; Carboxylic acids and derivatives; Organonitrogen compounds; Alkaloids and derivatives; Azepanes; Benzoyl derivatives; Organooxygen compounds; Amino acids and derivatives; Carboxylic acid derivatives; Dialkyl ethers; Carboxylic acid esters; Cyclic alcohols and derivatives; Benzoic acid esters; Diterpenoids; Tertiary alcohols; Carbonyl compounds; 1,2-aminoalcohols; Trialkylamines; Benzene and substituted derivatives; Polyols; Benzenoids; Amines; Tertiary amines; Quinolidines; Aconitane-type diterpenoid alkaloids; Organic oxides; Azacyclic compounds; Hydrocarbon derivatives; Organopnictogen compounds; Organic oxygen compounds; Organic nitrogen compounds; Chemical entities	647,357	1338	623207329053866358	623205680973396743	92
1	C39H60N4O5	[M + K]+	C39H60KN4O5+	Alkaloids	1,000	Tryptophan alkaloids	1,000	Aspidosperma type	0,995	Alkaloids and derivatives	0,965	Aspidofractine alkaloids	0,938					Aspidofractine alkaloids	0,938	Organic compounds; Organoheterocyclic compounds; Amino acids, peptides, and analogues; Azaspirodecane derivatives; Piperidines; Carbazoles; Indoles and derivatives; Pyrrolidines; Indolizidines; Organic acids and derivatives; Carboxylic acids and derivatives; Organonitrogen compounds; Alkaloids and derivatives; Organooxygen compounds; Amino acids and derivatives; Carboxylic acid derivatives; Monocarboxylic acids and derivatives; Indolines; Carboxylic acid esters; Carbonyl compounds; Trialkylamines; Benzenoids; Amines; Tertiary amines; Tertiary alkylarylamines; Secondary alkylarylamines; Aspidospermatan-type alkaloids; Methyl esters; N-alkylpyrrolidines; Aspidofractine alkaloids; Quinolidines; Aralkylamines; Dialkylarylamines; Organic oxides; Azacyclic compounds; Hydrocarbon derivatives; Organopnictogen compounds; Organic oxygen compounds; Organic nitrogen compounds; Chemical entities	703,423	1338	623207129312719409	623205681006951180	93
1	C40H62N4O6	[M + K]+	C40H62KN4O6+	Amino acids and Peptides	0,491	Oligopeptides	0,852	Microginins	0,317	Organic acids and derivatives	0,987	Carboxylic acids and derivatives	0,977	Amino acids, peptides, and analogues	0,950	Amino acids and derivatives	0,943	Valine and derivatives	0,599	Organic compounds; Lipids and lipid-like molecules; Amino acids, peptides, and analogues; Alpha amino acids and derivatives; Alkyl aryl ethers; Alcohols and polyols; Anisoles; Phenethylamines; Amphetamines and derivatives; Ethers; Organic acids and derivatives; Carboxylic acids and derivatives; Organonitrogen compounds; Organooxygen compounds; Fatty amides; Amino acids and derivatives; Carboxylic acid amides; Carboxylic acid derivatives; N-acyl amines; Secondary alcohols; Secondary carboxylic acid amides; Tertiary carboxylic acid amides; Carbonyl compounds; Benzene and substituted derivatives; Phenol ethers; Benzenoids; Amines; Fatty Acyls; Organic oxides; Methoxybenzenes; Hydrocarbon derivatives; Valine and derivatives; Organopnictogen compounds; Organic oxygen compounds; Organic nitrogen compounds; Phenoxy compounds; Chemical entities	733,432	1338	623207151546725614	623205681023728401	94
1	C29H42O7	[M + Na]+	C29H42NaO7+	Terpenoids	0,543	Linear polyketides	0,428	Open-chain polyketides	0,373	Lipids and lipid-like molecules	0,743	Prenol lipids	0,544					Prenol lipids	0,544	Organic compounds; Lipids and lipid-like molecules; Alcohols and polyols; Ethers; Prenol lipids; Organic acids and derivatives; Carboxylic acids and derivatives; Organooxygen compounds; Secondary alcohols; Carbonyl compounds; Organic oxides; Oxacyclic compounds; Hydrocarbon derivatives; Organic oxygen compounds; Chemical entities	525,278	1338	623207152251368726	623205681032117014	95
