SpectrumID	#Scan#	SpectrumFile	LibraryName	MQScore	TIC_Query	RT_Query	MZErrorPPM	SharedPeaks	MassDiff	SpecMZ	SpecCharge	FileScanUniqueID	NumberHits	Compound_Name	Ion_Source	Instrument	Compound_Source	PI	Data_Collector	Adduct	Precursor_MZ	ExactMass	Charge	CAS_Number	Pubmed_ID	Smiles	INCHI	INCHI_AUX	Library_Class	IonMode	Organism	LibMZ	UpdateWorkflowName	LibraryQualityString	tags	molecular_formula	InChIKey	InChIKey-Planar	superclass	class	subclass	npclassifier_superclass	npclassifier_class	npclassifier_pathway	library_usi
CCMSLIB00008851231	17	spectra_filtered.mgf	IQAMDB.mgf	0.952688	98795.5	0	4.0178	7	0.000900269	224.071	1	temp/spectra_filtered.mgf17	1	Cleistopholine	LC-ESI	qTof	Isolated	Beniddir/Le Pogam	Le Pogam	M+H	224.07	223.063	1	N/A	N/A	CC1=C2C(=NC=C1)C(=O)C3=CC=CC=C3C2=O	InChI=1S/C14H9NO2/c1-8-6-7-15-12-11(8)13(16)9-4-2-3-5-10(9)14(12)17/h2-7H,1H3	N/A	3	Positive	IQAMDB	224.07	UPDATE-SINGLE-ANNOTATED-BRONZE	Bronze		C14H9NO2	GVRYUHXXENMGEV-UHFFFAOYSA-N	GVRYUHXXENMGEV	Organoheterocyclic compounds	Quinolines and derivatives	Benzoquinolines	Polycyclic aromatic polyketides	Anthraquinones and anthrones	Polyketides	mzspec:GNPS:GNPS-LIBRARY:CCMSLIB00008851231
CCMSLIB00006417993	80	spectra_filtered.mgf	BMDMS-NP.mgf	0.944674	428050.0	0	0.553284	6	0.000106812	193.05	1	temp/spectra_filtered.mgf80	1	6-Hydroxy-7-methoxycoumarin	ESI	Orbitrap	Commercial standard	BMDMS-NP	BMDMS-NP	[M+H]+	193.05	192.042	1	N/A	N/A	O=C1OC=2C=C(OC)C(O)=CC2C=C1	InChI=1S/C10H8O4/c1-13-9-5-8-6(4-7(9)11)2-3-10(12)14-8/h2-5,11H,1H3	N/A	1	Positive	BMDMS-NP	193.05	UPDATE-SINGLE-ANNOTATED-GOLD	Gold		C10H8O4	SYTYLPHCLSSCOJ-UHFFFAOYSA-N	SYTYLPHCLSSCOJ	Phenylpropanoids and polyketides	Coumarins and derivatives	Hydroxycoumarins	Coumarins	Simple coumarins	Shikimates and Phenylpropanoids	mzspec:GNPS:GNPS-LIBRARY:CCMSLIB00006417993
CCMSLIB00006439878	62	spectra_filtered.mgf	BMDMS-NP.mgf	0.925107	15994.4	0	18.0014	6	0.00369263	205.134	1	temp/spectra_filtered.mgf62	1	N-Methylcytisine	ESI	Orbitrap	Commercial standard	BMDMS-NP	BMDMS-NP	[M+H]+	205.13	204.126	1	N/A	N/A	O=C1C=CC=C2N1CC3CN(C)CC2C3	InChI=1S/C12H16N2O/c1-13-6-9-5-10(8-13)11-3-2-4-12(15)14(11)7-9/h2-4,9-10H,5-8H2,1H3	N/A	1	Positive	BMDMS-NP	205.13	UPDATE-SINGLE-ANNOTATED-GOLD	Gold		C12H16N2O	CULUKMPMGVXCEI-UHFFFAOYSA-N	CULUKMPMGVXCEI	Alkaloids and derivatives	Lupin alkaloids	Cytisine and derivatives	Lysine alkaloids|Nicotinic acid alkaloids	Pyridine alkaloids|Quinolizidine alkaloids	Alkaloids	mzspec:GNPS:GNPS-LIBRARY:CCMSLIB00006439878
CCMSLIB00011430437	47	spectra_filtered.mgf	GNPS-LIBRARY.mgf	0.918962	107400.0	0	0.393688	14	0.000183105	465.103	1	temp/spectra_filtered.mgf47	1	Spiraeoside	LC-ESI	qTof	Commercial	Stephane GREFF	Stephane GREFF	M+H	465.103	464.095	1	20229-56-5	5320844	C1=CC(=C(C=C1C2=C(C(=O)C3=C(C=C(C=C3O2)O)O)O)O)O[C@H]4[C@@H]([C@H]([C@@H]([C@H](O4)CO)O)O)O	InChI=1S/C21H20O12/c22-6-13-15(26)17(28)19(30)21(33-13)32-11-2-1-7(3-9(11)24)20-18(29)16(27)14-10(25)4-8(23)5-12(14)31-20/h1-5,13,15,17,19,21-26,28-30H,6H2/t13-,15-,17+,19-,21-/m1/s1	OIUBYZLTFSLSBY-HMGRVEAOSA-N	3	Positive	GNPS-LIBRARY	465.103	UPDATE-SINGLE-ANNOTATED-BRONZE	Bronze		C21H20O12	OIUBYZLTFSLSBY-HMGRVEAOSA-N	OIUBYZLTFSLSBY	Phenylpropanoids and polyketides	Flavonoids	Flavonoid glycosides	Flavonoids	Flavonols	Shikimates and Phenylpropanoids	mzspec:GNPS:GNPS-LIBRARY:CCMSLIB00011430437
CCMSLIB00000221573	56	spectra_filtered.mgf	MASSBANK.mgf	0.914008	169062.0	0	2.44518	12	0.000701904	287.055	1	temp/spectra_filtered.mgf56	1	Massbank:PB000167 Kaempferol|3,5,7-trihydroxy-2-(4-hydroxyphenyl)chromen-4-one	ESI	LC-ESI-QTOF	Isolated	Putative Massbank Match	Massbank	[M+H]+	287.056	0.0	1	N/A	N/A	C1=CC(=CC=C1C2=C(C(=O)C3=C(C=C(C=C3O2)O)O)O)O	1S/C15H10O6/c16-8-3-1-7(2-4-8)15-14(20)13(19)12-10(18)5-9(17)6-11(12)21-15/h1-6,16-18,20H	N/A	3	Positive	MASSBANK	287.056	UPDATE-SINGLE-ANNOTATED-BRONZE	Bronze		C15H10O6	IYRMWMYZSQPJKC-UHFFFAOYSA-N	IYRMWMYZSQPJKC	Phenylpropanoids and polyketides	Flavonoids	Flavones	Flavonoids	Flavonols	Shikimates and Phenylpropanoids	mzspec:GNPS:GNPS-LIBRARY:CCMSLIB00000221573
CCMSLIB00004719743	53	spectra_filtered.mgf	MONA.mgf	0.896656	216150.0	0	0.749355	7	0.000213623	285.076	1	temp/spectra_filtered.mgf53	1	5-O-Methylgenistein	N/A	ESI-QTOF	isolated	MoNA	MoNA:VF-NPL-QTOF001972	[M+H]+	285.076	0.0	1	N/A	N/A	COc1cc(O)cc2occ(-c3ccc(O)cc3)c(=O)c12	InChI=1S/C16H12O5/c1-20-13-6-11(18)7-14-15(13)16(19)12(8-21-14)9-2-4-10(17)5-3-9/h2-8,17-18H,1H3	N/A	3	positive	MONA	285.076	UPDATE-SINGLE-ANNOTATED-BRONZE	Bronze		C16H12O5	YSINCDVRUMTOPK-UHFFFAOYSA-N	YSINCDVRUMTOPK	Phenylpropanoids and polyketides	Isoflavonoids	Isoflav-2-enes	Isoflavonoids	Isoflavones	Shikimates and Phenylpropanoids	mzspec:GNPS:GNPS-LIBRARY:CCMSLIB00004719743
CCMSLIB00006710432	74	spectra_filtered.mgf	GNPS-LIBRARY.mgf	0.87683	21770.0	0	0.302502	19	0.000183105	605.303	1	temp/spectra_filtered.mgf74	1	pyrrovobasine	LC-ESI	qTof	Isolated	Beniddir/Le Pogam	Mehdi Beniddir	M+H	605.303	605.312	1	N/A	 	C/C=C1CN(C2CC3=C(N([H])C4=C3C=CC=C4)C(C(N([H])C5=C6C=CC=C5)=C6CCN7C(C=O)=CC=C7CO)C[C@H]/1[C@@H]2C(OC)=O)C	InChI=1S/C37H40N4O4/c1-4-22-19-40(2)33-18-29-26-10-6-8-12-32(26)39-36(29)30(17-28(22)34(33)37(44)45-3)35-27(25-9-5-7-11-31(25)38-35)15-16-41-23(20-42)13-14-24(41)21-43/h4-14,20,28,30,33-34,38-39,43H,15-19,21H2,1-3H3/b22-4-/t28-,30-,33?,34+/m1/s1	N/A	3	Positive	GNPS-LIBRARY	605.303	UPDATE-SINGLE-ANNOTATED-BRONZE	Bronze		C37H40N4O4	JBZGGSXYBHQJIC-IWSXKNFUSA-N	JBZGGSXYBHQJIC	N/A	N/A	N/A	Tryptophan alkaloids	Corynanthe type	Alkaloids	mzspec:GNPS:GNPS-LIBRARY:CCMSLIB00006710432
CCMSLIB00010119465	9	spectra_filtered.mgf	BERKELEY-LAB.mgf	0.876587	101340.0	0	2.55499	6	0.00050354	197.081	1	temp/spectra_filtered.mgf9	1	"""3,4,5-TRIMETHOXYBENZALDEHYDE CollisionEnergy:205060"""	LC-ESI	Orbitrap	Commercial	Trent Northen	JGI	M+H	197.081	0.0	1	N/A	N/A	COc1cc(C=O)cc(OC)c1OC	"""InChI=1S/C10H12O4/c1-12-8-4-7(6-11)5-9(13-2)10(8)14-3/h4-6H,1-3H3"""	N/A	3	Positive	BERKELEY-LAB	197.081	UPDATE-SINGLE-ANNOTATED-BRONZE	Bronze		C10H12O4	OPHQOIGEOHXOGX-UHFFFAOYSA-N	OPHQOIGEOHXOGX	Benzenoids	Benzene and substituted derivatives	Benzoyl derivatives	Lignans	Minor lignans	Shikimates and Phenylpropanoids	mzspec:GNPS:GNPS-LIBRARY:CCMSLIB00010119465
CCMSLIB00000222661	22	spectra_filtered.mgf	MASSBANK.mgf	0.865728	116900.0	0	156.042	9	0.0447998	287.055	1	temp/spectra_filtered.mgf22	1	Massbank:PR040006 3,3',4',5,7-pentahydroxy flavylium|Cyanidin|Cynd|2-(3,4-dihydroxyphenyl)chromene-3,5,7-triol	ESI	LC-ESI-QTOF	Isolated	Putative Massbank Match	Massbank	[M+H]	287.1	0.0	1	528-58-5 13306-05-3 87725-42-6	N/A	Oc(c3)c(O)cc(c3)c([o+1]1)c(O)cc(c(O)2)c(cc(O)c2)1	1S/C15H10O6/c16-8-4-11(18)9-6-13(20)15(21-14(9)5-8)7-1-2-10(17)12(19)3-7/h1-6H,(H4-,16,17,18,19,20)/p+1	N/A	3	Positive	MASSBANK	287.1	UPDATE-SINGLE-ANNOTATED-BRONZE	Bronze		N/A	VEVZSMAEJFVWIL-UHFFFAOYSA-O	VEVZSMAEJFVWIL	Phenylpropanoids and polyketides	Flavonoids	Hydroxyflavonoids	N/A	N/A	N/A	mzspec:GNPS:GNPS-LIBRARY:CCMSLIB00000222661
CCMSLIB00000213861	60	spectra_filtered.mgf	MASSBANK.mgf	0.855941	43120.0	0	0.196844	12	9.15527e-05	465.103	1	temp/spectra_filtered.mgf60	1	Massbank:FIO00199 Myricitrin	ESI	LC-ESI-QTOF	Isolated	Putative Massbank Match	Massbank	[M+H]+	465.103	0.0	1	17912-87-7	N/A	Oc(c4)cc(O1)c(c(O)4)C(=O)C(O[C@H](O3)[C@H](O)[C@H](O)[C@@H](O)[C@H](C)3)=C1c(c2)cc(O)c(O)c(O)2	1S/C21H20O12/c1-6-14(26)17(29)18(30)21(31-6)33-20-16(28)13-9(23)4-8(22)5-12(13)32-19(20)7-2-10(24)15(27)11(25)3-7/h2-6,14,17-18,21-27,29-30H,1H3/t6-,14-,17+,18+,21-/m0/s1	N/A	3	Positive	MASSBANK	465.103	UPDATE-SINGLE-ANNOTATED-BRONZE	Bronze		C21H20O12	DCYOADKBABEMIQ-OWMUPTOHSA-N	DCYOADKBABEMIQ	Phenylpropanoids and polyketides	Flavonoids	Flavonoid glycosides	Flavonoids	Flavonols	Shikimates and Phenylpropanoids	mzspec:GNPS:GNPS-LIBRARY:CCMSLIB00000213861
CCMSLIB00012251612	27	spectra_filtered.mgf	CMMC-REFRAME-POSITIVE-LIBRARY.mgf	0.854053	23250.0	0	0.688118	8	0.000274658	399.144	1	temp/spectra_filtered.mgf27	1	69222-20-4	LC-ESI	Orbitrap	Commercial	Pieter C. Dorrestein	Nina Haoqi Zhao	[M+H]+	399.144	398.137	1	N/A	N/A	COc1cc(C2c3cc4c(cc3CC3COC(=O)C32)OCO4)cc(OC)c1OC	"""InChI=1S/C22H22O7/c1-24-17-6-12(7-18(25-2)21(17)26-3)19-14-8-16-15(28-10-29-16)5-11(14)4-13-9-27-22(23)20(13)19/h5-8,13,19-20H,4,9-10H2,1-3H3/t13?,19-,20+/m1/s1"""	ZGLXUQQMLLIKAN-CFNCIARGSA-N	1	Positive	PRIVATE-LIB	399.144	UPDATE-SINGLE-ANNOTATED-GOLD	Gold		C22H22O7	ZGLXUQQMLLIKAN-UHFFFAOYSA-N	ZGLXUQQMLLIKAN	N/A	N/A	N/A	Lignans	Arylnaphthalene and aryltetralin lignans	Shikimates and Phenylpropanoids	mzspec:GNPS:GNPS-LIBRARY:CCMSLIB00012251612
CCMSLIB00012259637	78	spectra_filtered.mgf	CMMC-REFRAME-POSITIVE-LIBRARY.mgf	0.837808	408220.0	0	1.66707	7	0.000411987	247.133	1	temp/spectra_filtered.mgf78	1	santonin	LC-ESI	Orbitrap	Commercial	Pieter C. Dorrestein	Nina Haoqi Zhao	[M+H]+	247.133	246.126	1	N/A	N/A	CC1=C2C3OC(=O)C(C)C3CCC2(C)C=CC1=O	"""InChI=1S/C15H18O3/c1-8-10-4-6-15(3)7-5-11(16)9(2)12(15)13(10)18-14(8)17/h5,7-8,10,13H,4,6H2,1-3H3/t8-,10-,13-,15-/m0/s1"""	XJHDMGJURBVLLE-BOCCBSBMSA-N	1	Positive	PRIVATE-LIB	247.133	UPDATE-SINGLE-ANNOTATED-GOLD	Gold		C15H18O3	XJHDMGJURBVLLE-UHFFFAOYSA-N	XJHDMGJURBVLLE	Lipids and lipid-like molecules	Prenol lipids	Terpene lactones	Sesquiterpenoids	Eudesmane sesquiterpenoids	Terpenoids	mzspec:GNPS:GNPS-LIBRARY:CCMSLIB00012259637
CCMSLIB00010109986	29	spectra_filtered.mgf	BERKELEY-LAB.mgf	0.835707	51340.0	0	1.56001	12	0.000610352	391.249	1	temp/spectra_filtered.mgf29	1	Digoxigenin CollisionEnergy:102040	LC-ESI	Orbitrap	Commercial	Trent Northen	JGI	M+H	391.248	0.0	1	N/A	N/A	CC12CCC(O)CC1CCC1C2CC(O)C2(C)C(C3=CC(=O)OC3)CCC12O	"""InChI=1S/C23H34O5/c1-21-7-5-15(24)10-14(21)3-4-17-18(21)11-19(25)22(2)16(6-8-23(17,22)27)13-9-20(26)28-12-13/h9,14-19,24-25,27H,3-8,10-12H2,1-2H3/t14-,15+,16-,17-,18+,19-,21+,22+,23+/m1/s1"""	N/A	3	Positive	BERKELEY-LAB	391.248	UPDATE-SINGLE-ANNOTATED-BRONZE	Bronze		C23H34O5	SHIBSTMRCDJXLN-UHFFFAOYSA-N	SHIBSTMRCDJXLN	Lipids and lipid-like molecules	Steroids and steroid derivatives	Steroid lactones	Steroids	Cardenolides	Terpenoids	mzspec:GNPS:GNPS-LIBRARY:CCMSLIB00010109986
CCMSLIB00000847665	11	spectra_filtered.mgf	GNPS-NIH-NATURALPRODUCTSLIBRARY_ROUND2_POSITIVE.mgf	0.823642	162520.0	0	3.20676	11	0.00119019	371.148	1	temp/spectra_filtered.mgf11	1	NCGC00180457-02!4-(1,3-benzodioxol-5-ylmethyl)-3-[(3,4-dimethoxyphenyl)methyl]oxolan-2-one	LC-ESI	Maxis II HD Q-TOF Bruker	isolated	Jadhav/Dorrestein	lfnothias	M+H	371.149	370.142	1	n/a	n/a	COC1=C(OC)C=C(CC2C(CC3=CC4=C(OCO4)C=C3)COC2=O)C=C1	InChI=1S/C21H22O6/c1-23-17-5-3-14(9-19(17)24-2)8-16-15(11-25-21(16)22)7-13-4-6-18-20(10-13)27-12-26-18/h3-6,9-10,15-16H,7-8,11-12H2,1-2H3	N/A	1	positive	GNPS-NIH-NATURALPRODUCTSLIBRARY_ROUND2_POSITIVE	371.149	UPDATE-SINGLE-ANNOTATED-GOLD	Gold		C21H22O6	IYBDDRJHJMFFBB-UHFFFAOYSA-N	IYBDDRJHJMFFBB	Lignans, neolignans and related compounds	Furanoid lignans	Tetrahydrofuran lignans	Lignans	Dibenzylbutyrolactone lignans	Shikimates and Phenylpropanoids	mzspec:GNPS:GNPS-LIBRARY:CCMSLIB00000847665
CCMSLIB00005769265	59	spectra_filtered.mgf	MASSBANK.mgf	0.815385	409770.0	0	0.0	10	0.0	326.16	1	temp/spectra_filtered.mgf59	1	Massbank:NA000563 Monocrotaline|(1R,4R,5R,6R,16R)-5,6-dihydroxy-4,5,6-trimethyl-2,8-dioxa-13-azatricyclo[8.5.1.0^{13,16}]hexadec-10-ene-3,7-dione	ESI	Hybrid FT	Isolated	Massbank	Massbank	M+H	326.16	0.0	1	315-22-0	N/A	C[C@H]1C(=O)O[C@@H]2CCN3CC=C(COC(=O)[C@](C)(O)[C@]1(C)O)[C@H]23	1S/C16H23NO6/c1-9-13(18)23-11-5-7-17-6-4-10(12(11)17)8-22-14(19)16(3,21)15(9,2)20/h4,9,11-12,20-21H,5-8H2,1-3H3/t9-,11+,12+,15+,16-/m0/s1	N/A	3	Positive	MASSBANK	326.16	UPDATE-SINGLE-ANNOTATED-BRONZE	Bronze		C16H23NO6	QVCMHGGNRFRMAD-XFGHUUIASA-N	QVCMHGGNRFRMAD	N/A	N/A	N/A	Ornithine alkaloids	Pyrrolizidine alkaloids	Alkaloids	mzspec:GNPS:GNPS-LIBRARY:CCMSLIB00005769265
CCMSLIB00006114840	12	spectra_filtered.mgf	BIRMINGHAM-UHPLC-MS-POS.mgf	0.812745	7254.21	0	3.3712	6	0.000610352	181.05	1	temp/spectra_filtered.mgf12	1	trans-caffeic acid - 40.0 eV	ESI	Orbitrap	Isolated	PI	Data Collector	M+H	181.049	0.0	1		N/A	c1cc(c(cc1/C=C/C(=O)O)O)O	InChI=1S/C9H8O4/c10-7-3-1-6(5-8(7)11)2-4-9(12)13/h1-5,10-11H,(H,12,13)/b4-2+	N/A	1	Positive	BIRMINGHAM-UHPLC-MS-POS	181.049	UPDATE-SINGLE-ANNOTATED-GOLD	Gold		C9H8O4	QAIPRVGONGVQAS-DUXPYHPUSA-N	QAIPRVGONGVQAS	Phenylpropanoids and polyketides	Cinnamic acids and derivatives	Hydroxycinnamic acids and derivatives	Phenylpropanoids (C6-C3)	Cinnamic acids and derivatives	Shikimates and Phenylpropanoids	mzspec:GNPS:GNPS-LIBRARY:CCMSLIB00006114840
CCMSLIB00011430437	54	spectra_filtered.mgf	GNPS-LIBRARY.mgf	0.809899	19420.0	0	4.06811	10	0.00189209	465.105	1	temp/spectra_filtered.mgf54	1	Spiraeoside	LC-ESI	qTof	Commercial	Stephane GREFF	Stephane GREFF	M+H	465.103	464.095	1	20229-56-5	5320844	C1=CC(=C(C=C1C2=C(C(=O)C3=C(C=C(C=C3O2)O)O)O)O)O[C@H]4[C@@H]([C@H]([C@@H]([C@H](O4)CO)O)O)O	InChI=1S/C21H20O12/c22-6-13-15(26)17(28)19(30)21(33-13)32-11-2-1-7(3-9(11)24)20-18(29)16(27)14-10(25)4-8(23)5-12(14)31-20/h1-5,13,15,17,19,21-26,28-30H,6H2/t13-,15-,17+,19-,21-/m1/s1	OIUBYZLTFSLSBY-HMGRVEAOSA-N	3	Positive	GNPS-LIBRARY	465.103	UPDATE-SINGLE-ANNOTATED-BRONZE	Bronze		C21H20O12	OIUBYZLTFSLSBY-HMGRVEAOSA-N	OIUBYZLTFSLSBY	Phenylpropanoids and polyketides	Flavonoids	Flavonoid glycosides	Flavonoids	Flavonols	Shikimates and Phenylpropanoids	mzspec:GNPS:GNPS-LIBRARY:CCMSLIB00011430437
CCMSLIB00000222681	55	spectra_filtered.mgf	MASSBANK.mgf	0.801895	92670.0	0	107.211	9	0.0339966	317.066	1	temp/spectra_filtered.mgf55	1	Massbank:PR040025 3,4',5,7-tetrahydroxy-3'-methoxyflavone|Isorhamnetin|Isor|3,5,7-trihydroxy-2-(4-hydroxy-3-methoxy-phenyl)chromen-4-one	ESI	LC-ESI-QTOF	Isolated	Putative Massbank Match	Massbank	[M+H]	317.1	0.0	1	480-19-3	N/A	COc(c(O)3)cc(cc3)C(O1)=C(O)C(=O)c(c(O)2)c(cc(O)c2)1	1S/C16H12O7/c1-22-11-4-7(2-3-9(11)18)16-15(21)14(20)13-10(19)5-8(17)6-12(13)23-16/h2-6,17-19,21H,1H3	N/A	3	Positive	MASSBANK	317.1	UPDATE-SINGLE-ANNOTATED-BRONZE	Bronze		C16H12O7	IZQSVPBOUDKVDZ-UHFFFAOYSA-N	IZQSVPBOUDKVDZ	Phenylpropanoids and polyketides	Flavonoids	Flavones	Flavonoids	Flavonols	Shikimates and Phenylpropanoids	mzspec:GNPS:GNPS-LIBRARY:CCMSLIB00000222681
CCMSLIB00008851203	8	spectra_filtered.mgf	IQAMDB.mgf	0.798883	101610.0	0	0.349293	9	9.15527e-05	262.109	1	temp/spectra_filtered.mgf8	1	Annomontine	LC-ESI	qTof	Isolated	Beniddir/Le Pogam	Le Pogam	M+H	262.109	261.101	1	N/A	N/A	NC1=NC=CC(C2=NC=CC3=C2NC4=CC=CC=C34)=N1	InChI=1S/C15H11N5/c16-15-18-8-6-12(20-15)14-13-10(5-7-17-14)9-3-1-2-4-11(9)19-13/h1-8,19H,(H2,16,18,20)	N/A	3	Positive	IQAMDB	262.109	UPDATE-SINGLE-ANNOTATED-BRONZE	Bronze		C15H11N5	IUDMZJRPDRCJEB-UHFFFAOYSA-N	IUDMZJRPDRCJEB	N/A	N/A	N/A	Tryptophan alkaloids	Carboline alkaloids	Alkaloids	mzspec:GNPS:GNPS-LIBRARY:CCMSLIB00008851203
CCMSLIB00006378783	66	spectra_filtered.mgf	BMDMS-NP.mgf	0.788001	668540.0	0	5156.56	6	1.00589	196.076	1	temp/spectra_filtered.mgf66	1	Ferulic acid	ESI	Orbitrap	Commercial standard	BMDMS-NP	BMDMS-NP	[M+H]+	195.07	194.058	1	N/A	N/A	O=C(O)C=CC1=CC=C(O)C(OC)=C1	InChI=1S/C10H10O4/c1-14-9-6-7(2-4-8(9)11)3-5-10(12)13/h2-6,11H,1H3,(H,12,13)	N/A	1	Positive	BMDMS-NP	195.07	UPDATE-SINGLE-ANNOTATED-GOLD	Gold		C10H10O4	KSEBMYQBYZTDHS-UHFFFAOYSA-N	KSEBMYQBYZTDHS	Phenylpropanoids and polyketides	Cinnamic acids and derivatives	Hydroxycinnamic acids and derivatives	Phenylpropanoids (C6-C3)	Cinnamic acids and derivatives	Shikimates and Phenylpropanoids	mzspec:GNPS:GNPS-LIBRARY:CCMSLIB00006378783
CCMSLIB00006399002	1	spectra_filtered.mgf	BMDMS-NP.mgf	0.783404	293600.0	0	6.78961	10	0.00180054	265.192	1	temp/spectra_filtered.mgf1	1	(1S,2R,9R,10S,12S)-12-hydroxy-7,15-diazatetracyclo[7.7.1.0^{2,7}.0^{10,15}]heptadecan-6-one	ESI	Orbitrap	Commercial standard	BMDMS-NP	BMDMS-NP	[M+H]+	265.19	264.184	1	N/A	N/A	O=C1N2CC3CC(CN4CCC(O)CC43)C2CCC1	InChI=1S/C15H24N2O2/c18-12-4-5-16-8-10-6-11(14(16)7-12)9-17-13(10)2-1-3-15(17)19/h10-14,18H,1-9H2	N/A	1	Positive	BMDMS-NP	265.19	UPDATE-SINGLE-ANNOTATED-GOLD	Gold		C15H24N2O2	JVYKIBAJVKEZSQ-UHFFFAOYSA-N	JVYKIBAJVKEZSQ	Alkaloids and derivatives	Lupin alkaloids	Sparteine, lupanine, and related alkaloids	Lysine alkaloids	Quinolizidine alkaloids	Alkaloids	mzspec:GNPS:GNPS-LIBRARY:CCMSLIB00006399002
CCMSLIB00012079646	51	spectra_filtered.mgf	PHENOLICSDB.mgf	0.780035	21380.0	0	2.03383	6	0.000396729	195.065	1	temp/spectra_filtered.mgf51	1	Ferulic acid 20eV	LC-ESI	qTof	Commercial	Jessica Cooperstone	DOI:10.5281/zenodo.8409038	M+H	195.065	194.058	1	N/A	N/A	COC1=C(C=CC(=C1)C=CC(=O)O)O	KSEBMYQBYZTDHS-HWKANZROSA-N	N/A	1	Positive	PHENOLICSDB	195.065	UPDATE-SINGLE-ANNOTATED-GOLD	Gold		C10H10O4	KSEBMYQBYZTDHS-UHFFFAOYSA-N	KSEBMYQBYZTDHS	Phenylpropanoids and polyketides	Cinnamic acids and derivatives	Hydroxycinnamic acids and derivatives	Phenylpropanoids (C6-C3)	Cinnamic acids and derivatives	Shikimates and Phenylpropanoids	mzspec:GNPS:GNPS-LIBRARY:CCMSLIB00012079646
CCMSLIB00012445876	49	spectra_filtered.mgf	MSNLIB-POSITIVE.mgf	0.777053	188790.0	0	0.215587	19	0.00012207	566.223	1	temp/spectra_filtered.mgf49	1	Ipecoside	ESI	Orbitrap	Crude	Tomas Pluskal	Corinna Brungs	[M+H]+	566.223	565.216	1	N/A	N/A	C=C[C@H]1[C@H](O[C@@H]2O[C@H](CO)[C@@H](O)[C@H](O)[C@H]2O)OC=C(C(=O)OC)[C@H]1C[C@@H]1c2cc(O)c(O)cc2CCN1C(C)=O	InChI=1S/C27H35NO12/c1-4-14-16(8-18-15-9-20(32)19(31)7-13(15)5-6-28(18)12(2)30)17(25(36)37-3)11-38-26(14)40-27-24(35)23(34)22(33)21(10-29)39-27/h4,7,9,11,14,16,18,21-24,26-27,29,31-35H,1,5-6,8,10H2,2-3H3/t14-,16+,18-,21-,22-,23+,24-,26+,27+/m1/s1	QISXROCIXKXUPS-OWVLCBNUSA-N	1	Positive	MSNLIB-POSITIVE	566.223	UPDATE-SINGLE-ANNOTATED-GOLD	Gold		C27H35NO12	QISXROCIXKXUPS-OWVLCBNUSA-N	QISXROCIXKXUPS	Lipids and lipid-like molecules	Prenol lipids	Terpene glycosides	Tyrosine alkaloids	Terpenoid tetrahydroisoquinoline alkaloids	Alkaloids	mzspec:GNPS:GNPS-LIBRARY:CCMSLIB00012445876
CCMSLIB00010007841	34	spectra_filtered.mgf	GNPS-SAM-SIK-KANG-LEGACY-LIBRARY.mgf	0.770877	1620120.0	0	0.969641	11	0.000396729	409.15	1	temp/spectra_filtered.mgf34	1	ginkgolide A	LC-ESI	qTof	Isolated	Sang Hee SHIM Kyo Bin Kang	Eunah JEONG Seungju SON	M+H	409.15	408.142	1	15291-75-5	N/A	C[C@@H]1C(=O)O[C@@H]2[C@]1([C@@]34C(=O)O[C@H]5[C@]3(C2)[C@@]6([C@@H](C5)C(C)(C)C)[C@H](C(=O)O[C@H]6O4)O)O	"""1S/C20H24O9/c1-7-12(22)26-10-6-17-9-5-8(16(2,3)4)18(17)11(21)13(23)28-15(18)29-20(17,14(24)27-9)19(7,10)25/h7-11,15,21,25H,5-6H2,1-4H3/t7-,8+,9-,10+,11+,15+,17-,18+,19-,20-/m1/s1"""	N/A	1	Positive	GNPS-SAM-SIK-KANG-LEGACY-LIBRARY	409.15	UPDATE-SINGLE-ANNOTATED-GOLD	Gold		C20H24O9	FPUXKXIZEIDQKW-VKMVSBOZSA-N	FPUXKXIZEIDQKW	Lipids and lipid-like molecules	Prenol lipids	Terpene lactones	Sesquiterpenoids	Prezizaane sesquiterpenoids	Terpenoids	mzspec:GNPS:GNPS-LIBRARY:CCMSLIB00010007841
CCMSLIB00010123485	37	spectra_filtered.mgf	BERKELEY-LAB.mgf	0.749519	37760.0	0	0.0	6	0.0	413.23	1	temp/spectra_filtered.mgf37	1	Gitoxigenin CollisionEnergy:205060	LC-ESI	Orbitrap	Commercial	Trent Northen	JGI	M+Na	413.23	0.0	1	N/A	N/A	CC12CCC(O)CC1CCC1C2CCC2(C)C(C3=CC(=O)OC3)C(O)CC12O	"""InChI=1S/C23H34O5/c1-21-7-5-15(24)10-14(21)3-4-17-16(21)6-8-22(2)20(13-9-19(26)28-12-13)18(25)11-23(17,22)27/h9,14-18,20,24-25,27H,3-8,10-12H2,1-2H3/t14-,15+,16+,17-,18+,20+,21+,22-,23+/m1/s1"""	N/A	3	Positive	BERKELEY-LAB	413.23	UPDATE-SINGLE-ANNOTATED-BRONZE	Bronze		C23H34O5	PVAMXWLZJKTXFW-UHFFFAOYSA-N	PVAMXWLZJKTXFW	Lipids and lipid-like molecules	Steroids and steroid derivatives	Steroid lactones	Steroids	Cardenolides	Terpenoids	mzspec:GNPS:GNPS-LIBRARY:CCMSLIB00010123485
CCMSLIB00010120134	35	spectra_filtered.mgf	BERKELEY-LAB.mgf	0.749182	584820.0	0	0.215345	16	9.15527e-05	425.144	1	temp/spectra_filtered.mgf35	1	Ginkgolide B CollisionEnergy:205060	LC-ESI	Orbitrap	Commercial	Trent Northen	JGI	M+H	425.144	0.0	1	N/A	N/A	CC1C(=O)OC2C(O)C34C5CC(C(C)(C)C)C36C(OC(=O)C6O)OC4(C(=O)O5)C12O	"""InChI=1S/C20H24O10/c1-6-12(23)28-11-9(21)18-8-5-7(16(2,3)4)17(18)10(22)13(24)29-15(17)30-20(18,14(25)27-8)19(6,11)26/h6-11,15,21-22,26H,5H2,1-4H3/t6-,7?,8-,9-,10+,11+,15+,17+,18+,19-,20-/m1/s1"""	N/A	3	Positive	BERKELEY-LAB	425.144	UPDATE-SINGLE-ANNOTATED-BRONZE	Bronze		C20H24O10	SQOJOAFXDQDRGF-UHFFFAOYSA-N	SQOJOAFXDQDRGF	Lipids and lipid-like molecules	Prenol lipids	Terpene lactones	Sesquiterpenoids	Picrotoxane sesquiterpenoids	Terpenoids	mzspec:GNPS:GNPS-LIBRARY:CCMSLIB00010120134
CCMSLIB00006683823	64	spectra_filtered.mgf	MONA.mgf	0.741162	235934.0	0	1.13271	6	0.000198364	175.123	1	temp/spectra_filtered.mgf64	1	N-OMEGA-METHYLTRYPTAMINE	ESI	qTof	isolated	MoNA	MoNA:MoNA032893	M+H	175.123	0.0	1	N/A	N/A	CNCCC1=CNC2=C1C=CC=C2	"""InChI=1S/C11H14N2/c1-12-7-6-9-8-13-11-5-3-2-4-10(9)11/h2-5,8,12-13H,6-7H2,1H3"""	N/A	3	positive	MONA	175.123	UPDATE-SINGLE-ANNOTATED-BRONZE	Bronze		C11H14N2	NCIKQJBVUNUXLW-UHFFFAOYSA-N	NCIKQJBVUNUXLW	Organoheterocyclic compounds	Indoles and derivatives	Tryptamines and derivatives	Tryptophan alkaloids	Simple indole alkaloids	Alkaloids	mzspec:GNPS:GNPS-LIBRARY:CCMSLIB00006683823
CCMSLIB00010012794	76	spectra_filtered.mgf	GNPS-LIBRARY.mgf	0.737444	20460.0	0	3248.43	6	1.97888	611.16	1	temp/spectra_filtered.mgf76	1	Diosmin	LC-ESI	qTof	Commercial	Elnur GARAYEV	Stephane GREFF	M+H	609.181	608.174	1	520-27-4	5281613	C[C@H]1[C@@H]([C@H]([C@H]([C@@H](O1)OC[C@@H]2[C@H]([C@@H]([C@H]([C@@H](O2)OC3=CC(=C4C(=C3)OC(=CC4=O)C5=CC(=C(C=C5)OC)O)O)O)O)O)O)O)O	1S/C28H32O15/c1-10-21(32)23(34)25(36)27(40-10)39-9-19-22(33)24(35)26(37)28(43-19)41-12-6-14(30)20-15(31)8-17(42-18(20)7-12)11-3-4-16(38-2)13(29)5-11/h3-8,10,19,21-30,32-37H,9H2,1-2H3/t10-,19+,21-,22+,23+,24-,25+,26+,27+,28+/m0/s1	GZSOSUNBTXMUFQ-YFAPSIMESA-N	3	Positive	GNPS-LIBRARY	609.181	UPDATE-SINGLE-ANNOTATED-BRONZE	Bronze		C28H32O15	GZSOSUNBTXMUFQ-YFAPSIMESA-N	GZSOSUNBTXMUFQ	Phenylpropanoids and polyketides	Flavonoids	Flavonoid glycosides	Flavonoids	Flavones	Shikimates and Phenylpropanoids	mzspec:GNPS:GNPS-LIBRARY:CCMSLIB00010012794
CCMSLIB00005746212	36	spectra_filtered.mgf	MASSBANK.mgf	0.719944	61230.0	0	4.08156	18	0.00180054	441.137	1	temp/spectra_filtered.mgf36	1	Massbank:PR303888 Ginkgolide C	ESI	qTof	Isolated	Massbank	Massbank	M+H	441.139	0.0	1	N/A	N/A	CC1C(=O)OC2C(O)C34C5OC(=O)C3(OC3OC(=O)C(O)C43C(C5O)C(C)(C)C)C12O	1S/C20H24O11/c1-5-12(24)28-11-8(22)18-10-6(21)7(16(2,3)4)17(18)9(23)13(25)30-15(17)31-20(18,14(26)29-10)19(5,11)27/h5-11,15,21-23,27H,1-4H3	N/A	3	Positive	MASSBANK	441.139	UPDATE-SINGLE-ANNOTATED-BRONZE	Bronze		C20H24O11	AMOGMTLMADGEOQ-UHFFFAOYSA-N	AMOGMTLMADGEOQ	Lipids and lipid-like molecules	Prenol lipids	Terpene lactones	Sesquiterpenoids	Picrotoxane sesquiterpenoids	Terpenoids	mzspec:GNPS:GNPS-LIBRARY:CCMSLIB00005746212
CCMSLIB00006565028	20	spectra_filtered.mgf	BMDMS-NP.mgf	0.719558	521010.0	0	624.187	6	0.205414	329.295	1	temp/spectra_filtered.mgf20	1	bergenin	ESI	Orbitrap	Commercial standard	BMDMS-NP	BMDMS-NP	[M+H]+	329.09	328.079	1	N/A	N/A	O=C1OC2C(O)C(O)C(OC2C3=C(O)C(OC)=C(O)C=C13)CO	InChI=1S/C14H16O9/c1-21-11-5(16)2-4-7(9(11)18)12-13(23-14(4)20)10(19)8(17)6(3-15)22-12/h2,6,8,10,12-13,15-19H,3H2,1H3	N/A	1	Positive	BMDMS-NP	329.09	UPDATE-SINGLE-ANNOTATED-GOLD	Gold		C14H16O9	YWJXCIXBAKGUKZ-UHFFFAOYSA-N	YWJXCIXBAKGUKZ	Benzenoids	Benzene and substituted derivatives	Benzoic acids and derivatives	Coumarins	Isocoumarins	Shikimates and Phenylpropanoids	mzspec:GNPS:GNPS-LIBRARY:CCMSLIB00006565028
CCMSLIB00012438966	68	spectra_filtered.mgf	MSNLIB-POSITIVE.mgf	0.700557	22930.0	0	0.619023	14	0.000213623	345.097	1	temp/spectra_filtered.mgf68	1	Pachypodol	ESI	Orbitrap	Crude	Tomas Pluskal	Corinna Brungs	[M+H]+	345.097	344.09	1	N/A	N/A	COc1cc(O)c2c(=O)c(OC)c(-c3cc(OC)c(O)cc3)oc2c1	InChI=1S/C18H16O7/c1-22-10-7-12(20)15-14(8-10)25-17(18(24-3)16(15)21)9-4-5-11(19)13(6-9)23-2/h4-8,19-20H,1-3H3	KQFUXLQBMQGNRT-UHFFFAOYSA-N	1	Positive	MSNLIB-POSITIVE	345.097	UPDATE-SINGLE-ANNOTATED-GOLD	Gold		C18H16O7	KQFUXLQBMQGNRT-UHFFFAOYSA-N	KQFUXLQBMQGNRT	Phenylpropanoids and polyketides	Flavonoids	O-methylated flavonoids	Flavonoids	Flavonols	Shikimates and Phenylpropanoids	mzspec:GNPS:GNPS-LIBRARY:CCMSLIB00012438966
CCMSLIB00006367101	48	spectra_filtered.mgf	BMDMS-NP.mgf	0.700213	557510.0	0	12.6078	6	0.00341797	271.097	1	temp/spectra_filtered.mgf48	1	imperatorin	ESI	Orbitrap	Commercial standard	BMDMS-NP	BMDMS-NP	[M+H]+	271.1	270.089	1	N/A	N/A	O=C1OC=2C(C=C1)=CC=3C=COC3C2OCC=C(C)C	InChI=1S/C16H14O4/c1-10(2)5-7-19-16-14-12(6-8-18-14)9-11-3-4-13(17)20-15(11)16/h3-6,8-9H,7H2,1-2H3	N/A	1	Positive	BMDMS-NP	271.1	UPDATE-SINGLE-ANNOTATED-GOLD	Gold		C16H14O4	OLOOJGVNMBJLLR-UHFFFAOYSA-N	OLOOJGVNMBJLLR	Phenylpropanoids and polyketides	Coumarins and derivatives	Furanocoumarins	Coumarins	Furocoumarins|Simple coumarins	Shikimates and Phenylpropanoids	mzspec:GNPS:GNPS-LIBRARY:CCMSLIB00006367101
CCMSLIB00005719936	89	spectra_filtered.mgf	LDB_POSITIVE.mgf	0.693734	108480.0	0	0.353728	7	0.00012207	345.097	1	temp/spectra_filtered.mgf89	1	Usnic acid	LC-ESI	Orbitrap	Isolated	Jean-Luc WOLFENDER Pierre-Marie ALLARD	Damien OLIVIER	[M+H]	345.097	344.09	1	N/A	N/A	CC12C(=O)C(=C(C=C1Oc1c2c(O)c(C)c(O)c1C(=O)C)O)C(=O)C	"""InChI=1S/C18H16O7/c1-6-14(22)12(8(3)20)16-13(15(6)23)18(4)10(25-16)5-9(21)11(7(2)19)17(18)24/h5,21-23H,1-4H3"""	N/A	3	Positive	LDB_POSITIVE	345.097	UPDATE-SINGLE-ANNOTATED-BRONZE	Bronze		C18H16O7	WEYVVCKOOFYHRW-UHFFFAOYSA-N	WEYVVCKOOFYHRW	Benzenoids	Benzene and substituted derivatives	Acetophenones	Aromatic polyketides	Usnic acid and derivatives	Polyketides	mzspec:GNPS:GNPS-LIBRARY:CCMSLIB00005719936
CCMSLIB00000079683	14	spectra_filtered.mgf	GNPS-NIH-NATURALPRODUCTSLIBRARY.mgf	0.671355	1624110.0	0	0.615231	6	0.000213623	347.224	1	temp/spectra_filtered.mgf14	1	MLS000728645-01!	LC-ESI	qTof	NIH Natural Product Library	Dorrestein	VVP/LMS	M+H	347.224	346.216	1	N/A	N/A	CN1CC[C@@]2(C1Nc3ccccc32)[C@]45CCN(C)C5Nc6ccccc64	InChI=1S/C22H26N4/c1-25-13-11-21(15-7-3-5-9-17(15)23-19(21)25)22-12-14-26(2)20(22)24-18-10-6-4-8-16(18)22/h3-10,19-20,23-24H,11-14H2,1-2H3/t19?,20?,21-,22-/m1/s1	N/A	3	Positive	GNPS-NIH-NATURALPRODUCTSLIBRARY	347.224	UPDATE-SINGLE-ANNOTATED-BRONZE	Bronze		C22H26N4	HOYXPMHLHJOGHD-LIKPIUCQSA-N	HOYXPMHLHJOGHD	Organoheterocyclic compounds	Indoles and derivatives	Pyrroloindoles	Tryptophan alkaloids	Pyrroloindole alkaloids	Alkaloids	mzspec:GNPS:GNPS-LIBRARY:CCMSLIB00000079683
CCMSLIB00008851250	72	spectra_filtered.mgf	IQAMDB.mgf	0.658266	297460.0	0	3.09514	11	0.00189209	611.312	1	temp/spectra_filtered.mgf72	1	Daurisoline	LC-ESI	qTof	Isolated	Beniddir/Le Pogam	Le Pogam	M+H	611.31	610.304	1	N/A	N/A	COc1c(O)cc2c(CCN([C@]2([H])Cc3cc(Oc4ccc(C[C@@]5([H])N(CCc6c5cc(OC)c(OC)c6)C)cc4)c(O)cc3)C)c1	InChI=1S/C37H42N2O6/c1-38-15-13-26-20-36(43-4)37(44-5)22-29(26)30(38)16-23-6-9-27(10-7-23)45-35-18-24(8-11-32(35)40)17-31-28-21-33(41)34(42-3)19-25(28)12-14-39(31)2/h6-11,18-22,30-31,40-41H,12-17H2,1-5H3/t30-,31-/m1/s1	N/A	3	Positive	IQAMDB	611.31	UPDATE-SINGLE-ANNOTATED-BRONZE	Bronze		C37H42N2O6	BURJAQFYNVMZDV-FIRIVFDPSA-N	BURJAQFYNVMZDV	Organoheterocyclic compounds	Isoquinolines and derivatives	Benzylisoquinolines	Tyrosine alkaloids	Isoquinoline alkaloids|Tetrahydroisoquinoline alkaloids	Alkaloids	mzspec:GNPS:GNPS-LIBRARY:CCMSLIB00008851250
CCMSLIB00006428273	38	spectra_filtered.mgf	BMDMS-NP.mgf	0.653415	9623.45	0	1.44341	10	0.00115967	803.419	1	temp/spectra_filtered.mgf38	1	4-((10S,13R)-3-(((2R,4S,5S,6R)-5-(((2S,4S,5S,6R)-5-(((2S,4S,5S,6R)-4,5-dihydroxy-6-methyltetrahydro-2H-pyran-2-yl)oxy)-4-hydroxy-6-methyltetrahydro-2H-pyran-2-yl)oxy)-4-hydroxy-6-methyltetrahydro-2H-pyran-2-yl)oxy)-14,16-dihydroxy-10,13-dimethylhexadecahydro-1H-cyclopenta[a]phenanthren-17-yl)furan-2(5H)-one	ESI	Orbitrap	Commercial standard	BMDMS-NP	BMDMS-NP	[M+Na]+	803.42	780.43	1	N/A	N/A	O=C1OCC(=C1)C2C(O)CC3(O)C4CCC5CC(OC6OC(C)C(OC7OC(C)C(OC8OC(C)C(O)C(O)C8)C(O)C7)C(O)C6)CCC5(C)C4CCC23C	InChI=1S/C41H64O14/c1-19-36(47)27(42)14-33(50-19)54-38-21(3)52-34(16-29(38)44)55-37-20(2)51-32(15-28(37)43)53-24-8-10-39(4)23(13-24)6-7-26-25(39)9-11-40(5)35(22-12-31(46)49-18-22)30(45)17-41(26,40)48/h12,19-21,23-30,32-38,42-45,47-48H,6-11,13-18H2,1-5H3	N/A	1	Positive	BMDMS-NP	803.42	UPDATE-SINGLE-ANNOTATED-GOLD	Gold		C41H64O14	LKRDZKPBAOKJBT-UHFFFAOYSA-N	LKRDZKPBAOKJBT	Lipids and lipid-like molecules	Steroids and steroid derivatives	Steroid lactones	Steroids	Cardenolides	Terpenoids	mzspec:GNPS:GNPS-LIBRARY:CCMSLIB00006428273
CCMSLIB00010116612	79	spectra_filtered.mgf	BERKELEY-LAB.mgf	0.651046	7700.0	0	1.70571	6	0.000518799	304.155	1	temp/spectra_filtered.mgf79	1	scopolamine CollisionEnergy:205060	LC-ESI	Orbitrap	Commercial	Trent Northen	JGI	M+H	304.154	0.0	1	N/A	N/A	CN1C2CC(OC(=O)C(CO)c3ccccc3)CC1C1OC12	"""InChI=1S/C17H21NO4/c1-18-13-7-11(8-14(18)16-15(13)22-16)21-17(20)12(9-19)10-5-3-2-4-6-10/h2-6,11-16,19H,7-9H2,1H3"""	N/A	3	Positive	BERKELEY-LAB	304.154	UPDATE-SINGLE-ANNOTATED-BRONZE	Bronze		C17H21NO4	STECJAGHUSJQJN-UHFFFAOYSA-N	STECJAGHUSJQJN	Organic acids and derivatives	Hydroxy acids and derivatives	Beta hydroxy acids and derivatives	Ornithine alkaloids	Tropane alkaloids	Alkaloids	mzspec:GNPS:GNPS-LIBRARY:CCMSLIB00010116612
CCMSLIB00005770901	19	spectra_filtered.mgf	MASSBANK.mgf	0.639997	81190.0	0	1.96432	11	0.000701904	357.327	1	temp/spectra_filtered.mgf19	1	Massbank:NA001595 Conessine	ESI	Hybrid FT	Isolated	Massbank	Massbank	M+H	357.326	0.0	1	N/A	N/A	C[C@H]1[C@H]2CC[C@H]3[C@@H]4CC=C5C[C@H](CC[C@]5(C)[C@H]4CC[C@]23CN1C)N(C)C	1S/C24H40N2/c1-16-20-8-9-22-19-7-6-17-14-18(25(3)4)10-12-23(17,2)21(19)11-13-24(20,22)15-26(16)5/h6,16,18-22H,7-15H2,1-5H3/t16-,18-,19+,20+,21-,22-,23-,24-/m0/s1	N/A	3	Positive	MASSBANK	357.326	UPDATE-SINGLE-ANNOTATED-BRONZE	Bronze		C24H40N2	GPLGAQQQNWMVMM-MYAJQUOBSA-N	GPLGAQQQNWMVMM	Lipids and lipid-like molecules	Steroids and steroid derivatives	Steroidal alkaloids	Pseudoalkaloids	Steroidal alkaloids	Alkaloids|Terpenoids	mzspec:GNPS:GNPS-LIBRARY:CCMSLIB00005770901
CCMSLIB00010115805	32	spectra_filtered.mgf	BERKELEY-LAB.mgf	0.638646	93780.0	0	2.87306	7	0.000793457	276.17	1	temp/spectra_filtered.mgf32	1	CHEMBL11773 CollisionEnergy:205060	LC-ESI	Orbitrap	Commercial	Trent Northen	JGI	M+H	276.171	0.0	1	N/A	N/A	CN=C(O)Oc1ccc2c(c1)C1(C)CCN(C)C1N2C	"""InChI=1S/C15H21N3O2/c1-15-7-8-17(3)13(15)18(4)12-6-5-10(9-11(12)15)20-14(19)16-2/h5-6,9,13H,7-8H2,1-4H3,(H,16,19)"""	N/A	3	Positive	BERKELEY-LAB	276.171	UPDATE-SINGLE-ANNOTATED-BRONZE	Bronze		C15H21N3O2	PIJVFDBKTWXHHD-UHFFFAOYSA-N	PIJVFDBKTWXHHD	Organoheterocyclic compounds	Indoles and derivatives	Pyrroloindoles	Tryptophan alkaloids	Pyrroloindole alkaloids	Alkaloids	mzspec:GNPS:GNPS-LIBRARY:CCMSLIB00010115805
CCMSLIB00005770756	57	spectra_filtered.mgf	MASSBANK.mgf	0.629744	140697.0	0	0.428625	6	0.000106812	249.196	1	temp/spectra_filtered.mgf57	1	Massbank:NA001658 (+)-Lupanine	ESI	Hybrid FT	Isolated	Massbank	Massbank	M+H	249.196	0.0	1	N/A	N/A	C1CCN2CC3CC(C2C1)CN4C3CCCC4=O	1S/C15H24N2O/c18-15-6-3-5-14-11-8-12(10-17(14)15)13-4-1-2-7-16(13)9-11/h11-14H,1-10H2	N/A	3	Positive	MASSBANK	249.196	UPDATE-SINGLE-ANNOTATED-BRONZE	Bronze		C15H24N2O	JYIJIIVLEOETIQ-UHFFFAOYSA-N	JYIJIIVLEOETIQ	Alkaloids and derivatives	Lupin alkaloids	Sparteine, lupanine, and related alkaloids	Lysine alkaloids	Quinolizidine alkaloids	Alkaloids	mzspec:GNPS:GNPS-LIBRARY:CCMSLIB00005770756
CCMSLIB00010011470	2	spectra_filtered.mgf	ECG-ACYL-AMIDES-C4-C24-LIBRARY.mgf	0.620246	1308700.0	0	22503.9	7	7.00558	304.3	1	temp/spectra_filtered.mgf2	1	putrescine-C15:1	ESI	qTof	Crude	Dorrestein	Emily Gentry	M+H	311.306	310.298	1	N/A	N/A	O=C(NCCCCN)CCCCCCCCC=CCCCC	InChI=1S/C19H38N2O/c1-2-3-4-5-6-7-8-9-10-11-12-13-16-19(22)21-18-15-14-17-20/h5-6H,2-4,7-18,20H2,1H3,(H,21,22)	N/A	2	Positive	ECG-ACYL-AMIDES-C4-C24-LIBRARY	311.306	UPDATE-SINGLE-ANNOTATED-SILVER	Silver		C19H38N2O	WNCIMQYRXUMXCI-UHFFFAOYSA-N	WNCIMQYRXUMXCI	Lipids and lipid-like molecules	Fatty Acyls	Fatty amides	Fatty amides	N-acyl amines	Fatty acids	mzspec:GNPS:GNPS-LIBRARY:CCMSLIB00010011470
CCMSLIB00003136666	73	spectra_filtered.mgf	GNPS-NIST14-MATCHES.mgf	0.609344	1440690.0	0	12662.3	6	4.0304	314.27	1	temp/spectra_filtered.mgf73	1	Spectral Match to Phytosphingosine from NIST14	ESI	IT/ion trap	Isolated	Data from Dr. Katherine R. Duncan	Data deposited by kduncan	M+H	318.3	0.0	1	554621	N/A	N/A	N/A	N/A	3	Positive	GNPS-NIST14-MATCHES	318.3	UPDATE-SINGLE-ANNOTATED-BRONZE	Bronze		N/A	N/A	N/A	N/A	N/A	N/A	N/A	N/A	N/A	mzspec:GNPS:GNPS-LIBRARY:CCMSLIB00003136666
CCMSLIB00006684460	40	spectra_filtered.mgf	MONA.mgf	0.596203	487643.0	0	25975.4	6	8.00711	316.265	1	temp/spectra_filtered.mgf40	1	ANDROSTERONE	ESI	qTof	isolated	MoNA	MoNA:MoNA033509	M+NH4	308.258	0.0	1	N/A	N/A	C[C@@]12CC[C@H](C[C@@H]2CC[C@H]3[C@@H]4CCC(=O)[C@@]4(C)CC[C@@H]31)O	"""InChI=1S/C19H30O2/c1-18-9-7-13(20)11-12(18)3-4-14-15-5-6-17(21)19(15,2)10-8-16(14)18/h12-16,20H,3-11H2,1-2H3/t12-,13+,14-,15-,16-,18-,19-/m0/s1"""	N/A	3	positive	MONA	308.258	UPDATE-SINGLE-ANNOTATED-BRONZE	Bronze		C19H30O2	QGXBDMJGAMFCBF-HLUDHZFRSA-N	QGXBDMJGAMFCBF	Lipids and lipid-like molecules	Steroids and steroid derivatives	Androstane steroids	Steroids	Androstane steroids|Cholane steroids	Terpenoids	mzspec:GNPS:GNPS-LIBRARY:CCMSLIB00006684460
CCMSLIB00012436145	75	spectra_filtered.mgf	MSNLIB-POSITIVE.mgf	0.595782	9192.0	0	7022.27	8	2.01578	285.039	1	temp/spectra_filtered.mgf75	1	98973-45-6	ESI	Orbitrap	Crude	Tomas Pluskal	Corinna Brungs	[M+H]+	287.055	286.048	1	N/A	N/A	Cc1cc(O)c2c(=O)c3c(C(=O)O)cc(O)cc3oc2c1	InChI=1S/C15H10O6/c1-6-2-9(17)13-10(3-6)21-11-5-7(16)4-8(15(19)20)12(11)14(13)18/h2-5,16-17H,1H3,(H,19,20)	XSPSQSXYKJASKD-UHFFFAOYSA-N	1	Positive	MSNLIB-POSITIVE	287.055	UPDATE-SINGLE-ANNOTATED-GOLD	Gold		C15H10O6	XSPSQSXYKJASKD-UHFFFAOYSA-N	XSPSQSXYKJASKD	Organoheterocyclic compounds	Benzopyrans	1-benzopyrans	Xanthones	Methyl xanthones	Polyketides	mzspec:GNPS:GNPS-LIBRARY:CCMSLIB00012436145
CCMSLIB00000086178	41	spectra_filtered.mgf	GNPS-NIH-SMALLMOLECULEPHARMACOLOGICALLYACTIVE.mgf	0.590586	2537030.0	0	3087.07	12	0.985596	318.28	1	temp/spectra_filtered.mgf41	1	MLS001335972-01!5beta-Pregnan-3alpha-ol-20-one128-20-1	LC-ESI	qTof	NIH Pharmacologically Active Library	Dorrestein	VP/LMS	M+H	319.266	318.256	1	N/A	N/A	CC(=O)C1CCC2C3CCC4CC(O)CCC4(C)C3CCC12C	InChI=1S/C21H34O2/c1-13(22)17-6-7-18-16-5-4-14-12-15(23)8-10-20(14,2)19(16)9-11-21(17,18)3/h14-19,23H,4-12H2,1-3H3	N/A	3	Positive	GNPS-NIH-SMALLMOLECULEPHARMACOLOGICALLYACTIVE	319.266	UPDATE-SINGLE-ANNOTATED-BRONZE	Bronze		C21H34O2	AURFZBICLPNKBZ-UHFFFAOYSA-N	AURFZBICLPNKBZ	Lipids and lipid-like molecules	Steroids and steroid derivatives	Pregnane steroids	Steroids	Pregnane steroids	Terpenoids	mzspec:GNPS:GNPS-LIBRARY:CCMSLIB00000086178
CCMSLIB00012472743	52	spectra_filtered.mgf	CMMC-LIBRARY.mgf	0.590081	159770.0	0	19176.8	7	6.02667	320.296	1	temp/spectra_filtered.mgf52	1	L-alanine_pentadecanoic acid	LC-ESI	Orbitrap	Commercial	Pieter C. Dorrestein	Victoria Deleray	[M+H]+	314.269	313.262	1	N/A	N/A	CCCCCCCCCCCCCCC(=O)N[C@@H](C)C(=O)O	InChI=1S/C18H35NO3/c1-3-4-5-6-7-8-9-10-11-12-13-14-15-17(20)19-16(2)18(21)22/h16H,3-15H2,1-2H3,(H,19,20)(H,21,22)/t16-/m0/s1	N/A	1	Positive	CMMC-LIBRARY	314.269	UPDATE-SINGLE-ANNOTATED-GOLD	Gold		C18H35NO3	VOQZXMRDPMEGKJ-INIZCTEOSA-N	VOQZXMRDPMEGKJ	Organic acids and derivatives	Carboxylic acids and derivatives	Amino acids, peptides, and analogues	Fatty amides	N-acyl amines	Fatty acids	mzspec:GNPS:GNPS-LIBRARY:CCMSLIB00012472743
CCMSLIB00006395380	43	spectra_filtered.mgf	BMDMS-NP.mgf	0.570096	175980.0	0	25810.0	7	8.8038	332.296	1	temp/spectra_filtered.mgf43	1	5-(3-furan-2-yl-acryloyl)-2,2-dimethyl-4,6-dioxo-cyclohexanecarboxylic acid methyl ester	ESI	Orbitrap	Commercial standard	BMDMS-NP	BMDMS-NP	[M+Na]+	341.1	318.11	1	N/A	N/A	O=C(OC)C1C(=O)C(C(=O)C=CC=2OC=CC2)C(=O)CC1(C)C	InChI=1S/C17H18O6/c1-17(2)9-12(19)13(15(20)14(17)16(21)22-3)11(18)7-6-10-5-4-8-23-10/h4-8,13-14H,9H2,1-3H3	N/A	1	Positive	BMDMS-NP	341.1	UPDATE-SINGLE-ANNOTATED-GOLD	Gold		C17H18O6	OZNNWTQYFYFKJQ-UHFFFAOYSA-N	OZNNWTQYFYFKJQ	Organic oxygen compounds	Organooxygen compounds	Carbonyl compounds				mzspec:GNPS:GNPS-LIBRARY:CCMSLIB00006395380
CCMSLIB00006395380	45	spectra_filtered.mgf	BMDMS-NP.mgf	0.553552	198870.0	0	25811.2	7	8.8042	332.296	1	temp/spectra_filtered.mgf45	1	5-(3-furan-2-yl-acryloyl)-2,2-dimethyl-4,6-dioxo-cyclohexanecarboxylic acid methyl ester	ESI	Orbitrap	Commercial standard	BMDMS-NP	BMDMS-NP	[M+Na]+	341.1	318.11	1	N/A	N/A	O=C(OC)C1C(=O)C(C(=O)C=CC=2OC=CC2)C(=O)CC1(C)C	InChI=1S/C17H18O6/c1-17(2)9-12(19)13(15(20)14(17)16(21)22-3)11(18)7-6-10-5-4-8-23-10/h4-8,13-14H,9H2,1-3H3	N/A	1	Positive	BMDMS-NP	341.1	UPDATE-SINGLE-ANNOTATED-GOLD	Gold		C17H18O6	OZNNWTQYFYFKJQ-UHFFFAOYSA-N	OZNNWTQYFYFKJQ	Organic oxygen compounds	Organooxygen compounds	Carbonyl compounds				mzspec:GNPS:GNPS-LIBRARY:CCMSLIB00006395380
CCMSLIB00000077198	63	spectra_filtered.mgf	GNPS-LIBRARY.mgf	0.550835	535250.0	0	31366.6	6	9.98401	328.285	1	temp/spectra_filtered.mgf63	1	Phytosphingosine	ESI	Q-TOF	Commercial standard	Dorrestein	Amina	M+H	318.301	317.293	1	554-62-1	N/A	CCCCCCCCCCCCCCC(C(C(CO)N)O)O	InChI=1S/C18H39NO3/c1-2-3-4-5-6-7-8-9-10-11-12-13-14-17(21)18(22)16(19)15-20/h16-18,20-22H,2-15,19H2,1H3	N/A	2	Positive	GNPS-LIBRARY	318.301	UPDATE-SINGLE-ANNOTATED-SILVER	Silver		C18H39NO3	AERBNCYCJBRYDG-UHFFFAOYSA-N	AERBNCYCJBRYDG	Organic nitrogen compounds	Organonitrogen compounds	Amines	Sphingolipids	Sphingoid bases	Fatty acids	mzspec:GNPS:GNPS-LIBRARY:CCMSLIB00000077198
CCMSLIB00000852196	61	spectra_filtered.mgf	GNPS-NIH-NATURALPRODUCTSLIBRARY_ROUND2_POSITIVE.mgf	0.550111	597510.0	0	1895.11	13	0.984192	518.348	1	temp/spectra_filtered.mgf61	1	NCGC00385359-01_C30H46O7_(3beta,8xi,9xi)-3-[(2,6-Dideoxy-3-O-methylhexopyranosyl)oxy]-14-hydroxycard-20(22)-enolide	LC-ESI	Maxis II HD Q-TOF Bruker	isolated	Jadhav/Dorrestein	lfnothias	M+H	519.332	518.324	1	n/a	n/a	COC1CC(OC(C)C1O)O[C@H]2CC[C@@]3(C)C(CCC4C3CC[C@]5(C)[C@H](CC[C@]45O)\C6=C\C(=O)OC6)C2	InChI=1S/C30H46O7/c1-17-27(32)24(34-4)15-26(36-17)37-20-7-10-28(2)19(14-20)5-6-23-22(28)8-11-29(3)21(9-12-30(23,29)33)18-13-25(31)35-16-18/h13,17,19-24,26-27,32-33H,5-12,14-16H2,1-4H3/t17?,19?,20-,21+,22?,23?,24?,26?,27?,28-,29+,30-/m0/s1	N/A	1	positive	GNPS-NIH-NATURALPRODUCTSLIBRARY_ROUND2_POSITIVE	519.332	UPDATE-SINGLE-ANNOTATED-GOLD	Gold		C30H46O7	YBZZSZQZDODUAA-HAIXVIHQSA-N	YBZZSZQZDODUAA	Lipids and lipid-like molecules	Steroids and steroid derivatives	Steroid lactones	Steroids	Cardenolides	Terpenoids	mzspec:GNPS:GNPS-LIBRARY:CCMSLIB00000852196
CCMSLIB00006395380	3	spectra_filtered.mgf	BMDMS-NP.mgf	0.54289	419390.0	0	15274.4	6	5.21008	346.31	1	temp/spectra_filtered.mgf3	1	5-(3-furan-2-yl-acryloyl)-2,2-dimethyl-4,6-dioxo-cyclohexanecarboxylic acid methyl ester	ESI	Orbitrap	Commercial standard	BMDMS-NP	BMDMS-NP	[M+Na]+	341.1	318.11	1	N/A	N/A	O=C(OC)C1C(=O)C(C(=O)C=CC=2OC=CC2)C(=O)CC1(C)C	InChI=1S/C17H18O6/c1-17(2)9-12(19)13(15(20)14(17)16(21)22-3)11(18)7-6-10-5-4-8-23-10/h4-8,13-14H,9H2,1-3H3	N/A	1	Positive	BMDMS-NP	341.1	UPDATE-SINGLE-ANNOTATED-GOLD	Gold		C17H18O6	OZNNWTQYFYFKJQ-UHFFFAOYSA-N	OZNNWTQYFYFKJQ	Organic oxygen compounds	Organooxygen compounds	Carbonyl compounds				mzspec:GNPS:GNPS-LIBRARY:CCMSLIB00006395380
CCMSLIB00008851428	88	spectra_filtered.mgf	IQAMDB.mgf	0.506366	80205.2	0	0.806904	6	0.000305176	378.206	1	temp/spectra_filtered.mgf88	1	Triphyophylline	LC-ESI	qTof	Isolated	Beniddir/Le Pogam	Le Pogam	M+H	378.206	377.199	1	N/A	N/A	Oc1c([C@H](N[C@@H](C2)C)C)c2ccc1c3c(C)cc(OC)c4c3cccc4OC	InChI=1S/C24H27NO3/c1-13-11-20(28-5)23-17(7-6-8-19(23)27-4)21(13)18-10-9-16-12-14(2)25-15(3)22(16)24(18)26/h6-11,14-15,25-26H,12H2,1-5H3/t14-,15-/m1/s1	N/A	3	Positive	IQAMDB	378.206	UPDATE-SINGLE-ANNOTATED-BRONZE	Bronze		C24H27NO3	MXIZZLBQRBAZEX-HUUCEWRRSA-N	MXIZZLBQRBAZEX	Organoheterocyclic compounds	Isoquinolines and derivatives	Naphthylisoquinolines	Tyrosine alkaloids	Isoquinoline alkaloids	Alkaloids	mzspec:GNPS:GNPS-LIBRARY:CCMSLIB00008851428
CCMSLIB00012474910	96	spectra_filtered.mgf	MIADB.mgf	0.504607	8269.25	0	11211.3	6	5.95581	525.278	1	temp/spectra_filtered.mgf96	1	Strictosidine	LC-ESI	qTof	Isolated	Mehdi Beniddir	Alexander Fox Ramos	M+H	531.234	530.226	1	20824-29-7	N/A	[H][C@]1(NCCC2=C1NC3=CC=CC=C23)C[C@]4([C@H]([C@@H](OC=C4C(OC)=O)O[C@@H]5O[C@@H]([C@H]([C@@H]([C@H]5O)O)O)CO)C=C)[H]	InChI=1S/C27H34N2O9/c1-3-13-16(10-19-21-15(8-9-28-19)14-6-4-5-7-18(14)29-21)17(25(34)35-2)12-36-26(13)38-27-24(33)23(32)22(31)20(11-30)37-27/h3-7,12-13,16,19-20,22-24,26-33H,1,8-11H2,2H3/t13-,16+,19+,20-,22-,23+,24-,26+,27+/m1/s1	N/A	3	Positive	MIADB	531.234	UPDATE-SINGLE-ANNOTATED-BRONZE	Bronze		C27H34N2O9	XBAMJZTXGWPTRM-NTXHKPOFSA-N	XBAMJZTXGWPTRM	Lipids and lipid-like molecules	Prenol lipids	Terpene glycosides	Tryptophan alkaloids	Carboline alkaloids	Alkaloids	mzspec:GNPS:GNPS-LIBRARY:CCMSLIB00012474910
CCMSLIB00005725535	33	spectra_filtered.mgf	GNPS-LIBRARY.mgf	0.501827	814610.0	0	9226.06	6	2.96381	318.279	1	temp/spectra_filtered.mgf33	1	(3Z, 7E, 11Z)-15-hydroxycembra-3,7,11-trien-19-oic acid	LC-ESI	qTof	Crude	Birger L. Moller	Oliver Gericke	M+H-H2O	321.243	320.235	1	 	 	C/C1=C/C[C@H](C(C)(O)C)CC/C(C)=C\CC/C(C(O)=O)=C\CC1	InChI=1S/C20H32O3/c1-15-7-5-9-17(19(21)22)10-6-8-16(2)12-14-18(13-11-15)20(3,4)23/h7,10,12,18,23H,5-6,8-9,11,13-14H2,1-4H3,(H,21,22)/b15-7-,16-12-,17-10+/t18-/m1/s1	 	3	Positive	GNPS-LIBRARY	321.243	UPDATE-SINGLE-ANNOTATED-BRONZE	Bronze		C20H32O3	GVWSMQKNQGVTAK-RFMQOLPOSA-N	GVWSMQKNQGVTAK	Lipids and lipid-like molecules	Prenol lipids	Diterpenoids	Diterpenoids	Cembrane diterpenoids	Terpenoids	mzspec:GNPS:GNPS-LIBRARY:CCMSLIB00005725535
CCMSLIB00000855535	39	spectra_filtered.mgf	GNPS-NIH-NATURALPRODUCTSLIBRARY_ROUND2_POSITIVE.mgf	0.501063	1610040.0	0	12282.6	7	3.95792	318.28	1	temp/spectra_filtered.mgf39	1	NCGC00347546-02_C19H28O3_5,9-Dimethyl-14-oxotetracyclo[11.2.1.0~1,10~.0~4,9~]hexadecane-5-carboxylic acid	LC-ESI	Maxis II HD Q-TOF Bruker	isolated	Jadhav/Dorrestein	lfnothias	M+NH4	322.238	304.204	1	n/a	n/a	CC12CCCC(C)(C1CCC34CC(CCC23)C(=O)C4)C(O)=O	InChI=1S/C19H28O3/c1-17-7-3-8-18(2,16(21)22)14(17)6-9-19-10-12(13(20)11-19)4-5-15(17)19/h12,14-15H,3-11H2,1-2H3,(H,21,22)	N/A	1	positive	GNPS-NIH-NATURALPRODUCTSLIBRARY_ROUND2_POSITIVE	322.238	UPDATE-SINGLE-ANNOTATED-GOLD	Gold		C19H28O3	PMCAXNOWFFQTHM-UHFFFAOYSA-N	PMCAXNOWFFQTHM	Organic oxygen compounds	Organooxygen compounds	Carbonyl compounds	Diterpenoids	Norkaurane diterpenoids	Terpenoids	mzspec:GNPS:GNPS-LIBRARY:CCMSLIB00000855535
CCMSLIB00000079804	44	spectra_filtered.mgf	GNPS-NIH-NATURALPRODUCTSLIBRARY.mgf	0.501026	80000.0	0	14852.1	9	4.97931	330.28	1	temp/spectra_filtered.mgf44	1	MLS002694509-01!	LC-ESI	qTof	NIH Natural Product Library	Dorrestein	VVP/LMS	M+H	335.259	334.251	1	N/A	N/A	CC(O)C1CCC2C3CCC4CC(O)CCC4(C)C3C(=O)CC12C	InChI=1S/C21H34O3/c1-12(22)16-6-7-17-15-5-4-13-10-14(23)8-9-20(13,2)19(15)18(24)11-21(16,17)3/h12-17,19,22-23H,4-11H2,1-3H3	N/A	3	Positive	GNPS-NIH-NATURALPRODUCTSLIBRARY	335.259	UPDATE-SINGLE-ANNOTATED-BRONZE	Bronze		C21H34O3	OFWWSHNAQHDEIN-UHFFFAOYSA-N	OFWWSHNAQHDEIN	Lipids and lipid-like molecules	Steroids and steroid derivatives	Pregnane steroids	Steroids	Pregnane steroids	Terpenoids	mzspec:GNPS:GNPS-LIBRARY:CCMSLIB00000079804
CCMSLIB00006416870	26	spectra_filtered.mgf	BMDMS-NP.mgf	0.498482	37020.0	0	18036.3	6	3.9532	223.133	1	temp/spectra_filtered.mgf26	1	(4R,4aS,6R)-6-isopropenyl-4,4a-dimethyl-4,4a,5,6,7,8-hexahydro-2(3H)-naphthalenone	ESI	Orbitrap	Commercial standard	BMDMS-NP	BMDMS-NP	[M+H]+	219.18	218.167	1	N/A	N/A	O=C1C=C2CCC(C(=C)C)CC2(C)C(C)C1	InChI=1S/C15H22O/c1-10(2)12-5-6-13-8-14(16)7-11(3)15(13,4)9-12/h8,11-12H,1,5-7,9H2,2-4H3	N/A	1	Positive	BMDMS-NP	219.18	UPDATE-SINGLE-ANNOTATED-GOLD	Gold		C15H22O	WTOYNNBCKUYIKC-UHFFFAOYSA-N	WTOYNNBCKUYIKC	Lipids and lipid-like molecules	Prenol lipids	Sesquiterpenoids	Sesquiterpenoids	Eremophilane sesquiterpenoids	Terpenoids	mzspec:GNPS:GNPS-LIBRARY:CCMSLIB00006416870
CCMSLIB00008851201	7	spectra_filtered.mgf	IQAMDB.mgf	0.493655	409070.0	0	4776.77	9	2.01691	420.215	1	temp/spectra_filtered.mgf7	1	Ancistroealaensine	LC-ESI	qTof	Isolated	Beniddir/Le Pogam	Le Pogam	M+H	422.232	421.225	1	N/A	N/A	COC1=C2C(C(C3=C(OC)C=C(OC)C4=C3CC(C)NC4C)=C(C)C=C2OC)=CC=C1	InChI=1S/C26H31NO4/c1-14-11-20(29-5)25-17(9-8-10-19(25)28-4)23(14)26-18-12-15(2)27-16(3)24(18)21(30-6)13-22(26)31-7/h8-11,13,15-16,27H,12H2,1-7H3	N/A	3	Positive	IQAMDB	422.232	UPDATE-SINGLE-ANNOTATED-BRONZE	Bronze		C26H31NO4	RVMRJGIRKITWGW-UHFFFAOYSA-N	RVMRJGIRKITWGW	Organoheterocyclic compounds	Isoquinolines and derivatives	Naphthylisoquinolines	Tyrosine alkaloids	Isoquinoline alkaloids	Alkaloids	mzspec:GNPS:GNPS-LIBRARY:CCMSLIB00008851201
CCMSLIB00004694258	18	spectra_filtered.mgf	MONA.mgf	0.492237	10050.0	0	18449.5	6	5.92609	315.28	1	temp/spectra_filtered.mgf18	1	3-HYDROXY-4-(SUCCIN-2-YL)-CARYOLANE delta-LACTONE	N/A	ESI-QFT	isolated	MoNA	MoNA:VF-NPL-QEHF003195	[M+H]+	321.206	0.0	1	N/A	N/A	CC1(C)CC2C1CC[C@]1(C)CCC3C(C(=O)O)CC(=O)O[C@@]32C1	InChI=1S/C19H28O4/c1-17(2)9-14-13(17)5-7-18(3)6-4-12-11(16(21)22)8-15(20)23-19(12,14)10-18/h11-14H,4-10H2,1-3H3,(H,21,22)/t11?,12?,13?,14?,18-,19-/m0/s1	N/A	3	positive	MONA	321.206	UPDATE-SINGLE-ANNOTATED-BRONZE	Bronze		C19H28O4	QKVNMVAISCKGFO-NYWNYWLFSA-N	QKVNMVAISCKGFO	Organoheterocyclic compounds	Lactones	Delta valerolactones	Sesquiterpenoids	Caryolane sesquiterpenoids	Terpenoids	mzspec:GNPS:GNPS-LIBRARY:CCMSLIB00004694258
CCMSLIB00000851999	28	spectra_filtered.mgf	GNPS-NIH-NATURALPRODUCTSLIBRARY_ROUND2_POSITIVE.mgf	0.490282	10200.0	0	16096.8	7	4.97839	304.301	1	temp/spectra_filtered.mgf28	1	NCGC00385659-01_C20H36O2_1-Naphthalenepentanol, decahydro-6-hydroxy-gamma,5,5,8a-tetramethyl-2-methylene-	LC-ESI	Maxis II HD Q-TOF Bruker	isolated	Jadhav/Dorrestein	lfnothias	M+H	309.279	308.272	1	n/a	n/a	CC(CCO)CCC1C(=C)CCC2C(C)(C)C(O)CCC12C	InChI=1S/C20H36O2/c1-14(11-13-21)6-8-16-15(2)7-9-17-19(3,4)18(22)10-12-20(16,17)5/h14,16-18,21-22H,2,6-13H2,1,3-5H3	N/A	1	positive	GNPS-NIH-NATURALPRODUCTSLIBRARY_ROUND2_POSITIVE	309.279	UPDATE-SINGLE-ANNOTATED-GOLD	Gold		C20H36O2	ZORMCMFEBIUIRM-UHFFFAOYSA-N	ZORMCMFEBIUIRM	Lipids and lipid-like molecules	Prenol lipids	Diterpenoids	Diterpenoids	Labdane diterpenoids|Norlabdane diterpenoids	Terpenoids	mzspec:GNPS:GNPS-LIBRARY:CCMSLIB00000851999
CCMSLIB00006116907	42	spectra_filtered.mgf	BIRMINGHAM-UHPLC-MS-POS.mgf	0.477381	17840.0	0	3101.61	6	0.983978	316.264	1	temp/spectra_filtered.mgf42	1	Pregnenolone - 40.0 eV	ESI	Orbitrap	Isolated	PI	Data Collector	M+H	317.248	0.0	1		N/A	CC(=O)[C@H]1CC[C@@H]2[C@@]1(CC[C@H]3[C@H]2CC=C4[C@@]3(CC[C@@H](C4)O)C)C	InChI=1S/C21H32O2/c1-13(22)17-6-7-18-16-5-4-14-12-15(23)8-10-20(14,2)19(16)9-11-21(17,18)3/h4,15-19,23H,5-12H2,1-3H3/t15-,16-,17+,18-,19-,20-,21+/m0/s1	N/A	1	Positive	BIRMINGHAM-UHPLC-MS-POS	317.248	UPDATE-SINGLE-ANNOTATED-GOLD	Gold		C21H32O2	ORNBQBCIOKFOEO-QGVNFLHTSA-N	ORNBQBCIOKFOEO	Lipids and lipid-like molecules	Steroids and steroid derivatives	Pregnane steroids	Steroids	Pregnane steroids	Terpenoids	mzspec:GNPS:GNPS-LIBRARY:CCMSLIB00006116907
CCMSLIB00006386938	6	spectra_filtered.mgf	BMDMS-NP.mgf	0.463515	6080.0	0	4104.48	6	1.0388	254.129	1	temp/spectra_filtered.mgf6	1	7-hydroxy-2-methyl-3-phenyl-4H-chromen-4-one	ESI	Orbitrap	Commercial standard	BMDMS-NP	BMDMS-NP	[M+H]+	253.09	252.079	1	N/A	N/A	O=C1C2=CC=C(O)C=C2OC(=C1C=3C=CC=CC3)C	InChI=1S/C16H12O3/c1-10-15(11-5-3-2-4-6-11)16(18)13-8-7-12(17)9-14(13)19-10/h2-9,17H,1H3	N/A	1	Positive	BMDMS-NP	253.09	UPDATE-SINGLE-ANNOTATED-GOLD	Gold		C16H12O3	BBCDTCKKROIGAB-UHFFFAOYSA-N	BBCDTCKKROIGAB	Phenylpropanoids and polyketides	Isoflavonoids	Isoflav-2-enes	Isoflavonoids	Isoflavones	Shikimates and Phenylpropanoids	mzspec:GNPS:GNPS-LIBRARY:CCMSLIB00006386938
CCMSLIB00000079804	4	spectra_filtered.mgf	GNPS-NIH-NATURALPRODUCTSLIBRARY.mgf	0.454627	127440.0	0	14853.6	6	4.9798	330.279	1	temp/spectra_filtered.mgf4	1	MLS002694509-01!	LC-ESI	qTof	NIH Natural Product Library	Dorrestein	VVP/LMS	M+H	335.259	334.251	1	N/A	N/A	CC(O)C1CCC2C3CCC4CC(O)CCC4(C)C3C(=O)CC12C	InChI=1S/C21H34O3/c1-12(22)16-6-7-17-15-5-4-13-10-14(23)8-9-20(13,2)19(15)18(24)11-21(16,17)3/h12-17,19,22-23H,4-11H2,1-3H3	N/A	3	Positive	GNPS-NIH-NATURALPRODUCTSLIBRARY	335.259	UPDATE-SINGLE-ANNOTATED-BRONZE	Bronze		C21H34O3	OFWWSHNAQHDEIN-UHFFFAOYSA-N	OFWWSHNAQHDEIN	Lipids and lipid-like molecules	Steroids and steroid derivatives	Pregnane steroids	Steroids	Pregnane steroids	Terpenoids	mzspec:GNPS:GNPS-LIBRARY:CCMSLIB00000079804
CCMSLIB00012392828	58	spectra_filtered.mgf	MSNLIB-POSITIVE.mgf	0.398337	1530760.0	0	2266.12	6	0.922699	406.249	1	temp/spectra_filtered.mgf58	1	2415535-50-9	ESI	Orbitrap	Crude	Tomas Pluskal	Corinna Brungs	[M+H]+	407.172	406.165	1	N/A	N/A	CC(C)(C)c1nnc(N2CC3CN(S(=O)(=O)CCC(F)(F)F)CC3C2)cc1	InChI=1S/C17H25F3N4O2S/c1-16(2,3)14-4-5-15(22-21-14)23-8-12-10-24(11-13(12)9-23)27(25,26)7-6-17(18,19)20/h4-5,12-13H,6-11H2,1-3H3	AZRDHOKFYZAELI-UHFFFAOYSA-N	1	Positive	MSNLIB-POSITIVE	407.172	UPDATE-SINGLE-ANNOTATED-GOLD	Gold		C17H25F3N4O2S	AZRDHOKFYZAELI-UHFFFAOYSA-N	AZRDHOKFYZAELI	N/A	N/A	N/A			Alkaloids	mzspec:GNPS:GNPS-LIBRARY:CCMSLIB00012392828
CCMSLIB00000852236	31	spectra_filtered.mgf	GNPS-NIH-NATURALPRODUCTSLIBRARY_ROUND2_POSITIVE.mgf	0.362337	1656730.0	0	5221.82	6	3.08698	594.255	1	temp/spectra_filtered.mgf31	1	NCGC00380434-01_C26H32O14_Methyl 1-(hexopyranosyloxy)-5,6-dihydroxy-7-({[(2E)-3-(4-hydroxyphenyl)-2-propenoyl]oxy}methyl)-1,4a,5,6,7,7a-hexahydrocyclopenta[c]pyran-4-carboxylate	LC-ESI	Maxis II HD Q-TOF Bruker	isolated	Jadhav/Dorrestein	lfnothias	M+Na	591.168	568.179	1	n/a	n/a	COC(=O)C/1=C/OC(OC2OC(CO)C(O)C(O)C2O)C3C(COC(=O)\C=C\C4=CC=C(O)C=C4)C(O)C(O)C13	InChI=1S/C26H32O14/c1-36-24(35)14-10-38-25(40-26-23(34)22(33)20(31)15(8-27)39-26)18-13(19(30)21(32)17(14)18)9-37-16(29)7-4-11-2-5-12(28)6-3-11/h2-7,10,13,15,17-23,25-28,30-34H,8-9H2,1H3/b7-4+	N/A	1	positive	GNPS-NIH-NATURALPRODUCTSLIBRARY_ROUND2_POSITIVE	591.168	UPDATE-SINGLE-ANNOTATED-GOLD	Gold		C26H32O14	SOLWETWNPWWTPC-QPJJXVBHSA-N	SOLWETWNPWWTPC	Lipids and lipid-like molecules	Prenol lipids	Terpene glycosides	Monoterpenoids	Iridoids monoterpenoids	Terpenoids	mzspec:GNPS:GNPS-LIBRARY:CCMSLIB00000852236
CCMSLIB00004703487	82	spectra_filtered.mgf	MONA.mgf	0.354466	137720.0	0	13906.7	6	8.04169	586.302	1	temp/spectra_filtered.mgf82	1	methyl (2R)-2-[(1S,2R,4S,9R,10R,14S,15S,17S)-17-(acetyloxy)-9-(furan-3-yl)-1-hydroxy-10,14,16,16-tetramethyl-7,18-dioxo-3,8-dioxapentacyclo[12.3.1.0�,?.0?,��.0?,�?]octadecan-15-yl]-2-hydroxyacetate	N/A	ESI-QFT	isolated	MoNA	MoNA:VF-NPL-QEHF012424	[M+NH4]+	578.26	0.0	1	N/A	N/A	COC(=O)[C@H](O)[C@H]1C(C)(C)[C@H](OC(C)=O)[C@@]2(O)C(=O)[C@]1(C)C1CC[C@]3(C)C(CC(=O)O[C@H]3c3ccoc3)[C@]13O[C@@H]32	InChI=1S/C29H36O11/c1-13(30)38-23-25(2,3)19(18(32)21(33)36-6)27(5)15-7-9-26(4)16(29(15)24(40-29)28(23,35)22(27)34)11-17(31)39-20(26)14-8-10-37-12-14/h8,10,12,15-16,18-20,23-24,32,35H,7,9,11H2,1-6H3/t15?,16?,18-,19+,20+,23+,24-,26-,27-,28+,29-/m1/s1	N/A	3	positive	MONA	578.26	UPDATE-SINGLE-ANNOTATED-BRONZE	Bronze		C29H36O11	QBOFNNDGXMMAOI-QXYFZNHMSA-N	QBOFNNDGXMMAOI	Lipids and lipid-like molecules	Prenol lipids	Triterpenoids	Triterpenoids	Limonoids	Terpenoids	mzspec:GNPS:GNPS-LIBRARY:CCMSLIB00004703487
CCMSLIB00012176525	10	spectra_filtered.mgf	CMMC-LIBRARY.mgf	0.277482	15980.0	0	18252.8	6	9.0235	503.385	1	temp/spectra_filtered.mgf10	1	Chenodeoxycholyl_Tyramine_NCE45	ESI	Orbitrap		Dorrestein	Ipsita Mohanty	M-H2O+H	494.362	511.366	1			O[C@@H]1CC[C@@]2([C@]3(CC[C@@]4([C@H](CC[C@]4([C@@]3([C@@H](C[C@@]2(C1)[H])O)[H])[H])[C@@H](CCC(NCCC5=CC=C(O)C=C5)=O)C)C)[H])C	InChI=1S/C32H49NO4/c1-20(4-11-29(37)33-17-14-21-5-7-23(34)8-6-21)25-9-10-26-30-27(13-16-32(25,26)3)31(2)15-12-24(35)18-22(31)19-28(30)36/h5-8,20,22,24-28,30,34-36H,4,9-19H2,1-3H3,(H,33,37)/t20-,22+,24-,25-,26+,27+,28-,30+,31+,32-/m1/s1	N/A	1	Positive	CMMC-LIBRARY	494.362	UPDATE-SINGLE-ANNOTATED-GOLD	Gold		C32H49NO4	GRKDEMVKZMRQPK-IQYYXGAHSA-N	GRKDEMVKZMRQPK	N/A	N/A	N/A	Steroids	Cholane steroids|Cholestane steroids	Terpenoids	mzspec:GNPS:GNPS-LIBRARY:CCMSLIB00012176525
CCMSLIB00012445051	94	spectra_filtered.mgf	MSNLIB-POSITIVE.mgf	0.179052	209580.0	0	4275.35	6	2.99457	703.422	1	temp/spectra_filtered.mgf94	1	MEGxp0_001108	ESI	Orbitrap	Crude	Tomas Pluskal	Corinna Brungs	[M+NH4]+	700.427	682.393	1	N/A	N/A	CC1(C)CC[C@]2(C(=O)O[C@@H]3O[C@H](CO)[C@@H](O)[C@H](O)[C@H]3O)CC[C@]3(C)C(=CCC4[C@@]5(C)C[C@@H](O)[C@H](O)[C@@](C)(CO)C5[C@H](O)C[C@]43C)C2[C@@H]1O	InChI=1S/C36H58O12/c1-31(2)9-11-36(30(46)48-29-25(43)24(42)23(41)20(15-37)47-29)12-10-34(5)17(22(36)28(31)45)7-8-21-32(3)13-19(40)27(44)33(4,16-38)26(32)18(39)14-35(21,34)6/h7,18-29,37-45H,8-16H2,1-6H3/t18-,19-,20-,21?,22?,23-,24+,25-,26?,27+,28+,29+,32-,33+,34-,35-,36+/m1/s1	BBPOLSMDPRNEHZ-VDWCOSHKSA-N	1	Positive	MSNLIB-POSITIVE	700.427	UPDATE-SINGLE-ANNOTATED-GOLD	Gold		C36H58O12	BBPOLSMDPRNEHZ-VDWCOSHKSA-N	BBPOLSMDPRNEHZ	Lipids and lipid-like molecules	Prenol lipids	Triterpenoids	Triterpenoids	Oleanane triterpenoids	Terpenoids	mzspec:GNPS:GNPS-LIBRARY:CCMSLIB00012445051
CCMSLIB00012474802	92	spectra_filtered.mgf	MIADB.mgf	0.101967	191970.0	0	3132.29	6	2.0152	645.378	1	temp/spectra_filtered.mgf92	1	Macrocarpamine	LC-ESI	qTof	Isolated	Beniddir/Le Pogam	Sarah Szwarc	M+H	643.363	642.357	1	N/A	N/A	C/C=C\1/CN2CC[C@@H]3C4=CC=CC=C4N5[C@@]3([C@@H]2C[C@@H]1[C@H]5C(=O)OC)/C=C/C6=COC[C@@H]7[C@H]6C[C@H]8C9=C(C[C@@H]7N8C)C1=CC=CC=C1N9C	InChI=1S/C41H46N4O3/c1-5-24-21-44-17-15-32-27-11-7-9-13-34(27)45-39(40(46)47-4)29(24)20-37(44)41(32,45)16-14-25-22-48-23-31-28(25)18-36-38-30(19-35(31)42(36)2)26-10-6-8-12-33(26)43(38)3/h5-14,16,22,28-29,31-32,35-37,39H,15,17-21,23H2,1-4H3/b16-14+,24-5-/t28-,29-,31+,32+,35-,36-,37-,39-,41-/m0/s1	N/A	3	Positive	MIADB	643.363	UPDATE-SINGLE-ANNOTATED-BRONZE	Bronze		C41H46N4O3	NOKYQXVIWFQLED-HXCLOJFDSA-N	NOKYQXVIWFQLED	N/A	N/A	N/A	Tryptophan alkaloids	Corynanthe type	Alkaloids	mzspec:GNPS:GNPS-LIBRARY:CCMSLIB00012474802
