formulaRank	molecularFormula	adduct	precursorFormula	NPC#pathway	NPC#pathway Probability	NPC#superclass	NPC#superclass Probability	NPC#class	NPC#class Probability	ClassyFire#superclass	ClassyFire#superclass probability	ClassyFire#class	ClassyFire#class Probability	ClassyFire#subclass	ClassyFire#subclass Probability	ClassyFire#level 5	ClassyFire#level 5 Probability	ClassyFire#most specific class	ClassyFire#most specific class Probability	ClassyFire#all classifications	ionMass	retentionTimeInSeconds	retentionTimeInMinutes	formulaId	alignedFeatureId	mappingFeatureId	overallFeatureQuality
1	C15H24N2O2	[M + H]+	C15H25N2O2+	Alkaloids	1,000	Lysine alkaloids	1,000	Quinolizidine alkaloids	1,000	Alkaloids and derivatives	0,883	Lupin alkaloids	0,969	Sparteine, lupanine, and related alkaloids	0,886			Sparteine, lupanine, and related alkaloids	0,886	Organic compounds; Organoheterocyclic compounds; Amino acids, peptides, and analogues; Alcohols and polyols; Lactams; Delta lactams; Piperidines; Quinolizidines; Organic acids and derivatives; Carboxylic acids and derivatives; Organonitrogen compounds; Alkaloids and derivatives; Organooxygen compounds; Amino acids and derivatives; Carboxylic acid amides; Carboxylic acid derivatives; Quinolizidinones; Piperidinones; Secondary alcohols; Tertiary carboxylic acid amides; Sparteine, lupanine, and related alkaloids; Carbonyl compounds; Naphthyridines; Trialkylamines; Amines; Tertiary amines; Lupin alkaloids; Organic oxides; Azacyclic compounds; Hydrocarbon derivatives; Organopnictogen compounds; Organic oxygen compounds; Organic nitrogen compounds; Chemical entities	265,191	44	0,730	627563030294812702	627562783980112974	1	
1	C21H37N	[M + H]+	C21H38N+	Terpenoids	0,680	Diterpenoids	0,653	Cycloamphilectane diterpenoids	0,194	Lipids and lipid-like molecules	0,876	Prenol lipids	0,725					Prenol lipids	0,725	Organic compounds; Lipids and lipid-like molecules; Prenol lipids; Organonitrogen compounds; Monoalkylamines; Amines; Primary amines; Hydrocarbon derivatives; Organopnictogen compounds; Organic nitrogen compounds; Chemical entities	304,300	179	2,988	627563836926593020	627562784286297171	2	
1	C23H39NO	[M + H]+	C23H40NO+	Alkaloids	0,930	Pseudoalkaloids (transamidation)	0,963	Steroidal alkaloids	0,951	Lipids and lipid-like molecules	0,727	Steroids and steroid derivatives	0,895	Steroidal alkaloids	0,739			Steroidal alkaloids	0,739	Organic compounds; Lipids and lipid-like molecules; Alcohols and polyols; Steroids and steroid derivatives; Organonitrogen compounds; Alkaloids and derivatives; Organooxygen compounds; Cyclic alcohols and derivatives; Hydroxysteroids; Secondary alcohols; Dialkylamines; Azasteroids and derivatives; Amines; Secondary amines; Steroidal alkaloids; Hydrocarbon derivatives; Organopnictogen compounds; Organic oxygen compounds; Organic nitrogen compounds; Chemical entities	346,310	134	2,241	627563830807102255	627562784504400984	3	
1	C22H35NO	[M + H]+	C22H36NO+	Alkaloids	0,993	Pseudoalkaloids (transamidation)	0,996	Steroidal alkaloids	0,984	Lipids and lipid-like molecules	0,815	Steroids and steroid derivatives	0,876	Steroidal alkaloids	0,794			Steroidal alkaloids	0,794	Organic compounds; Organoheterocyclic compounds; Lipids and lipid-like molecules; Alcohols and polyols; Steroids and steroid derivatives; Organonitrogen compounds; Alkaloids and derivatives; Organooxygen compounds; Cyclic alcohols and derivatives; Secondary alcohols; Dialkylamines; Trialkylamines; Azasteroids and derivatives; Amines; Secondary amines; Steroidal alkaloids; Azacyclic compounds; Hydrocarbon derivatives; Organopnictogen compounds; Organic oxygen compounds; Organic nitrogen compounds; Chemical entities	330,279	134	2,225	627563815502085912	627562784684756061	4	
1	C12H19N3O	[M + H]+	C12H20N3O+	Alkaloids	0,977	Pseudoalkaloids (transamidation)	0,229	Pyridine alkaloids	0,080	Organoheterocyclic compounds	0,947	Heteroaromatic compounds	0,848					Heteroaromatic compounds	0,848	Organic compounds; Organoheterocyclic compounds; Alcohols and polyols; Organonitrogen compounds; Organooxygen compounds; Amines; Azacyclic compounds; Heteroaromatic compounds; Hydrocarbon derivatives; Organopnictogen compounds; Organic oxygen compounds; Organic nitrogen compounds; Chemical entities	222,160	92	1,540	627563416871231918	627562784928025698	5	
1	C15H15N3O	[M + H]+	C15H16N3O+	Alkaloids	0,967	Tryptophan alkaloids	0,524	Carboline alkaloids	0,294	Benzenoids	0,970							Benzenoids	0,970	Organic compounds; Organoheterocyclic compounds; Organonitrogen compounds; Organooxygen compounds; Azoles; Benzenoids; Azacyclic compounds; Heteroaromatic compounds; Hydrocarbon derivatives; Organopnictogen compounds; Organic oxygen compounds; Organic nitrogen compounds; Chemical entities	254,129	76	1,267	627563033830611226	627562785058049127	6	
1	C26H29NO4	[M + H]+	C26H30NO4+	Alkaloids	0,982	Tyrosine alkaloids	0,979	Isoquinoline alkaloids	0,811	Organoheterocyclic compounds	0,947	Isoquinolines and derivatives	0,553	Naphthylisoquinolines	0,510			Naphthylisoquinolines	0,510	Organic compounds; Organoheterocyclic compounds; Naphthalenes; Phenanthrenes and derivatives; Alkyl aryl ethers; Anisoles; Ethers; Organonitrogen compounds; Alkaloids and derivatives; Organooxygen compounds; Quinolines and derivatives; Benzoquinolines; Naphthylisoquinolines; Phenol ethers; Benzenoids; Amines; Tertiary amines; Isoquinolines and derivatives; Azacyclic compounds; Hydrocarbon derivatives; Organopnictogen compounds; Organic oxygen compounds; Organic nitrogen compounds; Chemical entities	420,217	114	1,892	627563445614800145	627562785288735852	7	
1	C15H11N5	[M + H]+	C15H12N5+	Alkaloids	0,999	Tryptophan alkaloids	0,968	Carboline alkaloids	0,932	Organoheterocyclic compounds	0,997	Indoles and derivatives	0,820	Indoles	0,845			Indoles	0,845	Organic compounds; Organoheterocyclic compounds; Pyrimidines and pyrimidine derivatives; Pyridines and derivatives; Pyrroles; Indoles and derivatives; Organonitrogen compounds; Aminopyrimidines and derivatives; Diazines; Benzenoids; Amines; Primary amines; Indoles; Azacyclic compounds; Heteroaromatic compounds; Hydrocarbon derivatives; Organopnictogen compounds; Organic nitrogen compounds; Chemical entities	262,109	115	1,915	627563444713024710	627562785498451057	8	
1	C10H12O4	[M + H]+	C10H13O4+	Shikimates and Phenylpropanoids	0,836	Phenolic acids (C6-C1)	0,777	Simple phenolic acids	0,538	Benzenoids	1,000	Phenol ethers	0,999	Anisoles	0,998			Anisoles	0,998	Organic compounds; Aldehydes; Alkyl aryl ethers; Anisoles; Ethers; Benzoyl derivatives; Organooxygen compounds; Benzaldehydes; Carbonyl compounds; Benzene and substituted derivatives; Phenol ethers; Benzenoids; Aryl-aldehydes; Organic oxides; Methoxybenzenes; Hydrocarbon derivatives; Organic oxygen compounds; Phenoxy compounds; Chemical entities	197,081	121	2,025	627563504678990352	627562785657834614	9	
1	C30H50N2O4	[M + H]+	C30H51N2O4+	Polyketides	0,422	Linear polyketides	0,835	Open-chain polyketides	0,848	Lipids and lipid-like molecules	0,771	Fatty Acyls	0,480	Fatty amides	0,481	N-acyl amines	0,541	N-acyl amines	0,541	Organic compounds; Organoheterocyclic compounds; Lipids and lipid-like molecules; Alcohols and polyols; Organic acids and derivatives; Carboxylic acids and derivatives; Organonitrogen compounds; Organooxygen compounds; Carboxylic acid amides; Carboxylic acid derivatives; N-acyl amines; Secondary carboxylic acid amides; Carbonyl compounds; Organic oxides; Azacyclic compounds; Oxacyclic compounds; Hydrocarbon derivatives; Organopnictogen compounds; Organic oxygen compounds; Organic nitrogen compounds; Chemical entities	503,384	110	1,828	627563439210097552	627562785825606779	10	
1	C21H22O6	[M + H]+	C21H23O6+	Shikimates and Phenylpropanoids	0,999	Lignans	1,000	Dibenzylbutyrolactone lignans	0,995	Lignans, neolignans and related compounds	0,990	Furanoid lignans	0,990	Tetrahydrofuran lignans	0,959	9,9'-epoxylignans	0,990	Dibenzylbutyrolactone lignans	0,991	Organic compounds; Organoheterocyclic compounds; Lactones; Alkyl aryl ethers; Anisoles; Ethers; Organic acids and derivatives; Carboxylic acids and derivatives; Benzodioxoles; Organooxygen compounds; Carboxylic acid derivatives; Monocarboxylic acids and derivatives; Carboxylic acid esters; Gamma butyrolactones; Lignans, neolignans and related compounds; Lignan lactones; Tetrahydrofuran lignans; Dibenzylbutyrolactone lignans; Acetals; Carbonyl compounds; Benzene and substituted derivatives; Phenol ethers; Benzenoids; Tetrahydrofurans; 9,9'-epoxylignans; Furanoid lignans; Organic oxides; Dimethoxybenzenes; Methoxybenzenes; Oxacyclic compounds; Hydrocarbon derivatives; Organic oxygen compounds; Phenoxy compounds; Chemical entities	371,149	175	2,917	627563866022480974	627562786001767552	11	
1	C9H8O4	[M + H]+	C9H9O4+	Shikimates and Phenylpropanoids	0,970	Phenylpropanoids (C6-C3)	0,981	Cinnamic acids and derivatives	0,986	Phenylpropanoids and polyketides	0,958	Cinnamic acids and derivatives	0,914	Hydroxycinnamic acids and derivatives	0,942	Coumaric acids and derivatives	0,920	Coumaric acids and derivatives	0,920	Organic compounds; Styrenes; Coumaric acids and derivatives; Phenols; Catechols; Phenylpropanoids and polyketides; Organic acids and derivatives; Carboxylic acids and derivatives; Organooxygen compounds; Cinnamic acids and derivatives; Monocarboxylic acids and derivatives; Carboxylic acids; Benzenediols; Hydroxycinnamic acids and derivatives; Carbonyl compounds; Benzene and substituted derivatives; Benzenoids; Hydroxycinnamic acids; Cinnamic acids; Organic oxides; Hydrocarbon derivatives; Organic oxygen compounds; 1-hydroxy-2-unsubstituted benzenoids; 1-hydroxy-4-unsubstituted benzenoids; Chemical entities	181,050	83	1,386	627562990654443956	627562786135985285	12	
1	C8H10N4O2	[M + H]+	C8H11N4O2+	Alkaloids	0,999	Pseudoalkaloids (transamidation)	1,000	Purine alkaloids	1,000	Organoheterocyclic compounds	1,000	Imidazopyrimidines	0,999	Purines and purine derivatives	0,999	Xanthines	0,999	Xanthines	0,999	Organic compounds; Organoheterocyclic compounds; Pyrimidines and pyrimidine derivatives; Imidazoles; Lactams; Purines and purine derivatives; Xanthines; Organic acids and derivatives; Organonitrogen compounds; Alkaloids and derivatives; Pyrimidones; Organooxygen compounds; Organic carbonic acids and derivatives; Azoles; Ureas; Purinones; Diazines; 6-oxopurines; Imidazopyrimidines; Substituted imidazoles; N-substituted imidazoles; Vinylogous amides; Organic oxides; Azacyclic compounds; Heteroaromatic compounds; Hydrocarbon derivatives; Organopnictogen compounds; Organic oxygen compounds; Organic nitrogen compounds; Chemical entities	195,088	72	1,207	627563007796565114	627562786261814410	13	
1	C22H26N4	[M + H]+	C22H27N4+	Alkaloids	0,998	Tryptophan alkaloids	0,963	Corynanthe type	0,523	Organoheterocyclic compounds	0,998	Diazanaphthalenes	0,385	Naphthyridines	0,507			Naphthyridines	0,507	Organic compounds; Organoheterocyclic compounds; Piperidines; Indoles and derivatives; Organonitrogen compounds; Naphthyridines; Benzenoids; Amines; Secondary amines; Tertiary amines; Secondary alkylarylamines; Aralkylamines; Azacyclic compounds; Hydrocarbon derivatives; Organopnictogen compounds; Organic nitrogen compounds; Chemical entities	347,223	52	0,870	627563031599241348	627562786412809359	14	
1	C23H30N2O6	[M + H]+	C23H31N2O6+	Alkaloids	0,936	Lysine alkaloids	0,082	Indole diketopiperazine alkaloids (L-Trp, L-Pro)	0,082	Organoheterocyclic compounds	0,999	Piperidines	0,982	N-acylpiperidines	0,719			N-acylpiperidines	0,719	Organic compounds; Organoheterocyclic compounds; Alkyl aryl ethers; Lactams; Delta lactams; Piperidines; Ethers; Organic acids and derivatives; Carboxylic acids and derivatives; Organonitrogen compounds; Organooxygen compounds; N-acylpiperidines; Carboxylic acid amides; Carboxylic acid derivatives; Piperidinones; Tertiary carboxylic acid amides; Carbonyl compounds; Phenol ethers; Benzenoids; Organic oxides; Azacyclic compounds; Oxacyclic compounds; Hydrocarbon derivatives; Organopnictogen compounds; Organic oxygen compounds; Organic nitrogen compounds; Chemical entities	431,217	81	1,349	627563050637187595	627562786576387220	15	
1	C24H32N2O5	[M + H]+	C24H33N2O5+	Alkaloids	0,916	Peptide alkaloids	0,059	Indole diketopiperazine alkaloids (L-Trp, L-Pro)	0,048	Organic acids and derivatives	0,947	Carboxylic acids and derivatives	0,960	Amino acids, peptides, and analogues	0,822	Amino acids and derivatives	0,823	Amino acids and derivatives	0,823	Organic compounds; Organoheterocyclic compounds; Amino acids, peptides, and analogues; Alkyl aryl ethers; Anisoles; Piperidines; Ethers; Organic acids and derivatives; Carboxylic acids and derivatives; Organonitrogen compounds; Organooxygen compounds; Amino acids and derivatives; Carboxylic acid amides; Carboxylic acid derivatives; Tertiary carboxylic acid amides; Carbonyl compounds; Trialkylamines; Benzene and substituted derivatives; Phenol ethers; Benzenoids; Amines; Tertiary amines; Organic oxides; Azacyclic compounds; Oxacyclic compounds; Hydrocarbon derivatives; Organopnictogen compounds; Organic oxygen compounds; Organic nitrogen compounds; Phenoxy compounds; Chemical entities	429,238	96	1,603	627563431849093817	627562786752547993	16	
1	C14H9NO2	[M + H]+	C14H10NO2+	Polyketides	0,958	Polycyclic aromatic polyketides	0,972	Anthraquinones and anthrones	0,983	Benzenoids	0,987	Anthracenes	0,795	Anthraquinones	0,572			Anthraquinones	0,572	Organic compounds; Organoheterocyclic compounds; Anthracenes; Pyridines and derivatives; Ketones; Anthraquinones; Organonitrogen compounds; Organooxygen compounds; Carbonyl compounds; Benzenoids; Aryl ketones; Organic oxides; Azacyclic compounds; Hydrocarbon derivatives; Organopnictogen compounds; Organic oxygen compounds; Organic nitrogen compounds; Chemical entities	224,071	139	2,318	627563852655233649	627562786899348638	17	
1	C18H36NO3	[M + H]+	C18H37NO3+	Amino acids and Peptides	0,267	Linear polyketides	0,250	Open-chain polyketides	0,390	Lipids and lipid-like molecules	0,549							Lipids and lipid-like molecules	0,549	Organic compounds; Organoheterocyclic compounds; Lipids and lipid-like molecules; Alcohols and polyols; Organic acids and derivatives; Carboxylic acids and derivatives; Organonitrogen compounds; Organooxygen compounds; Carboxylic acid derivatives; Secondary alcohols; Carbonyl compounds; Organic oxides; Hydrocarbon derivatives; Organopnictogen compounds; Organic oxygen compounds; Organic nitrogen compounds; Chemical entities	315,279	94	1,567	627563425893180939	627562787083898019	18	
1	C21H42NO3	[M + H]+	C21H43NO3+	Alkaloids	0,413	Pseudoalkaloids (transamidation)	0,327	Open-chain polyketides	0,306	Lipids and lipid-like molecules	0,733							Lipids and lipid-like molecules	0,733	Organic compounds; Lipids and lipid-like molecules; Alcohols and polyols; Organic acids and derivatives; Carboxylic acids and derivatives; Organonitrogen compounds; Organooxygen compounds; Carboxylic acid amides; Carboxylic acid derivatives; Secondary alcohols; Carbonyl compounds; Amines; Organic oxides; Hydrocarbon derivatives; Organopnictogen compounds; Organic oxygen compounds; Organic nitrogen compounds; Chemical entities	357,326	84	1,397	627562992294416919	627562787247475880	19	
1	C19H38NO3	[M + H]+	C19H39NO3+	Alkaloids	0,302	Pseudoalkaloids (transamidation)	0,199	Open-chain polyketides	0,402	Lipids and lipid-like molecules	0,608							Lipids and lipid-like molecules	0,608	Organic compounds; Lipids and lipid-like molecules; Alcohols and polyols; Organic acids and derivatives; Carboxylic acids and derivatives; Organonitrogen compounds; Organooxygen compounds; Carboxylic acid derivatives; Monocarboxylic acids and derivatives; Secondary alcohols; Carbonyl compounds; Organic oxides; Hydrocarbon derivatives; Organopnictogen compounds; Organic oxygen compounds; Organic nitrogen compounds; Chemical entities	329,296	77	1,278	627563038008138161	627562787390082221	20	
1	C11H13NO3	[M + H]+	C11H14NO3+	Alkaloids	0,999	Tyrosine alkaloids	0,909	Isoindole alkaloids	0,051	Organoheterocyclic compounds	0,983	Isoquinolines and derivatives	0,795	Isoquinolones and derivatives	0,881			Isoquinolones and derivatives	0,881	Organic compounds; Organoheterocyclic compounds; Alkyl aryl ethers; Anisoles; Lactams; Ethers; Organic acids and derivatives; Carboxylic acids and derivatives; Organonitrogen compounds; Organooxygen compounds; Carboxylic acid amides; Carboxylic acid derivatives; Secondary carboxylic acid amides; Carbonyl compounds; Isoquinolones and derivatives; Phenol ethers; Benzenoids; Isoquinolines and derivatives; Tetrahydroisoquinolines; Organic oxides; Azacyclic compounds; Hydrocarbon derivatives; Organopnictogen compounds; Organic oxygen compounds; Organic nitrogen compounds; Chemical entities	208,097	89	1,483	627563001412834199	627562787532688562	21	
1	C15H10O6	[M + H]+	C15H11O6+	Shikimates and Phenylpropanoids	0,999	Flavonoids	0,992	Flavonols	0,929	Phenylpropanoids and polyketides	0,986	Flavonoids	0,970	Flavones	0,929	Flavonols	0,888	Flavonols	0,888	Organic compounds; Organoheterocyclic compounds; Pyrans; Benzopyrans; Phenols; Catechols; Chromones; Phenylpropanoids and polyketides; Organooxygen compounds; Flavonoids; Pyranones and derivatives; Flavonols; Benzenediols; Flavones; Benzene and substituted derivatives; Benzenoids; 3-hydroxyflavonoids; 3'-hydroxyflavonoids; 4'-hydroxyflavonoids; Hydroxyflavonoids; 7-hydroxyflavonoids; 1-benzopyrans; Organic oxides; Oxacyclic compounds; Heteroaromatic compounds; Hydrocarbon derivatives; Organic oxygen compounds; 1-hydroxy-2-unsubstituted benzenoids; 1-hydroxy-4-unsubstituted benzenoids; Chemical entities	287,055	85	1,418	627563019746137555	627562787662711991	22	
1	C33H42N6O6	[M + H]+	C33H43N6O6+	Amino acids and Peptides	0,999	Oligopeptides	0,995	Cyclic peptides	0,963	Organic acids and derivatives	1,000	Carboxylic acids and derivatives	0,998	Amino acids, peptides, and analogues	0,991	Peptides	0,908	Oligopeptides	0,755	Organic compounds; Organoheterocyclic compounds; Amino acids, peptides, and analogues; Alpha amino acids and derivatives; Macrolactams; Lactams; Phenylpropanoids and polyketides; Organic acids and derivatives; Carboxylic acids and derivatives; Organonitrogen compounds; Organooxygen compounds; Amino acids and derivatives; Peptides; Carboxylic acid amides; Carboxylic acid derivatives; Secondary carboxylic acid amides; Tertiary carboxylic acid amides; Carbonyl compounds; Cyclic peptides; Benzene and substituted derivatives; Benzenoids; Organic oxides; Azacyclic compounds; Hydrocarbon derivatives; Organopnictogen compounds; Organic oxygen compounds; Organic nitrogen compounds; Oligopeptides; Chemical entities	619,324	146	2,433	627563887149190852	627562787801124028	23	
1	C23H23N3O3	[M + H]+	C23H24N3O3+	Amino acids and Peptides	0,547	Tryptophan alkaloids	0,271	Carboline alkaloids	0,130	Organic acids and derivatives	0,996	Carboxylic acids and derivatives	0,989	Amino acids, peptides, and analogues	0,772	Amino acids and derivatives	0,766	N-acyl-alpha amino acids and derivatives	0,582	Organic compounds; Organoheterocyclic compounds; Amino acids, peptides, and analogues; Alpha amino acids and derivatives; Pyrroles; Indoles and derivatives; Organic acids and derivatives; Carboxylic acids and derivatives; Organonitrogen compounds; Organooxygen compounds; Amino acids and derivatives; Carboxylic acid amides; Carboxylic acid derivatives; Monocarboxylic acids and derivatives; N-acyl-alpha amino acids and derivatives; Secondary carboxylic acid amides; Tertiary carboxylic acid amides; Carbonyl compounds; Substituted pyrroles; Benzene and substituted derivatives; Benzenoids; Indoles; Organic oxides; Azacyclic compounds; Heteroaromatic compounds; Hydrocarbon derivatives; Organopnictogen compounds; Organic oxygen compounds; Organic nitrogen compounds; Chemical entities	390,181	117	1,945	627563439361092522	627562787935341761	24	
1	C11H14N2O	[M + H]+	C11H15N2O+	Alkaloids	1,000	Nicotinic acid alkaloids	0,998	Pyridine alkaloids	0,998	Alkaloids and derivatives	0,945	Lupin alkaloids	0,950	Cytisine and derivatives	0,983			Cytisine and derivatives	0,983	Organic compounds; Organoheterocyclic compounds; Pyridines and derivatives; Lactams; Piperidines; Organonitrogen compounds; Alkaloids and derivatives; Organooxygen compounds; Pyridinones; Hydropyridines; Dialkylamines; Amines; Secondary amines; Lupin alkaloids; Cytisine and derivatives; Aralkylamines; Organic oxides; Azacyclic compounds; Heteroaromatic compounds; Hydrocarbon derivatives; Organopnictogen compounds; Organic oxygen compounds; Organic nitrogen compounds; Chemical entities	191,118	24	0,398	627563033176299754	627562788082142406	25	
1	C16H12O4	[M + H]+	C16H13O4+	Polyketides	0,960	Polycyclic aromatic polyketides	0,959	Anthraquinones and anthrones	0,980	Benzenoids	1,000	Anthracenes	0,941	Anthraquinones	0,927			Anthraquinones	0,927	Organic compounds; Anthracenes; Ketones; Alkyl aryl ethers; Phenols; Anisoles; Anthraquinones; Ethers; Organic acids and derivatives; Organooxygen compounds; Carbonyl compounds; Phenol ethers; Benzenoids; Aryl ketones; Vinylogous acids; Organic oxides; Hydrocarbon derivatives; Organic oxygen compounds; 1-hydroxy-2-unsubstituted benzenoids; Chemical entities	269,081	165	2,747	627563856035842813	627562788195388619	26	
1	C13H18O3	[M + H]+	C13H19O3+	Terpenoids	0,881	Sesquiterpenoids	0,530	Apocarotenoids(Îµ-)	0,101	Organic oxygen compounds	1,000	Organooxygen compounds	1,000	Carbonyl compounds	0,953	Ketones	0,829	Cyclohexenones	0,525	Organic compounds; Ketones; Organic acids and derivatives; Carboxylic acids and derivatives; Organooxygen compounds; Monocarboxylic acids and derivatives; Carbonyl compounds; Cyclic ketones; Organic oxides; Hydrocarbon derivatives; Cyclohexenones; Organic oxygen compounds; Chemical entities	223,133	101	1,677	627563460806569656	627562788329606352	27	
1	C21H37N	[M + H]+	C21H38N+	Terpenoids	0,804	Diterpenoids	0,752	Cycloamphilectane diterpenoids	0,205	Lipids and lipid-like molecules	0,912	Prenol lipids	0,773					Prenol lipids	0,773	Organic compounds; Lipids and lipid-like molecules; Prenol lipids; Organonitrogen compounds; Amines; Hydrocarbon derivatives; Organopnictogen compounds; Organic nitrogen compounds; Chemical entities	304,300	180	2,993	627563840634357935	627562788488989909	28	
1	C17H22N2O9	[M + H]+	C17H23N2O9+	Alkaloids	0,448	Ornithine alkaloids	0,435	Pyrimidine nucleosides	0,213	Organic acids and derivatives	0,996	Carboxylic acids and derivatives	0,989	Amino acids, peptides, and analogues	0,665	Amino acids and derivatives	0,669	Alpha amino acids and derivatives	0,640	Organic compounds; Organoheterocyclic compounds; Amino acids, peptides, and analogues; Alpha amino acids and derivatives; Alcohols and polyols; Organic acids and derivatives; Carboxylic acids and derivatives; Organonitrogen compounds; Organooxygen compounds; Dicarboxylic acids and derivatives; Amino acids and derivatives; Carboxylic acid derivatives; Carboxylic acids; Carboxylic acid esters; Carbonyl compounds; Organic oxides; Hydrocarbon derivatives; Organopnictogen compounds; Organic oxygen compounds; Organic nitrogen compounds; Chemical entities	399,143	188	3,137	627563871093394763	627562788623207642	29	
1	C23H34O5	[M + H]+	C23H35O5+	Terpenoids	1,000	Steroids	1,000	Cardenolides	0,999	Lipids and lipid-like molecules	0,990	Steroids and steroid derivatives	0,998	Steroid lactones	0,986	Cardenolides and derivatives	0,966	Cardenolides and derivatives	0,966	Organic compounds; Organoheterocyclic compounds; Lipids and lipid-like molecules; Lactones; Alcohols and polyols; Steroids and steroid derivatives; Organic acids and derivatives; Carboxylic acids and derivatives; Organooxygen compounds; Carboxylic acid derivatives; Steroid lactones; Monocarboxylic acids and derivatives; Carboxylic acid esters; Cyclic alcohols and derivatives; Hydroxysteroids; Cardenolides and derivatives; Secondary alcohols; Tertiary alcohols; Carbonyl compounds; Furanones; Dihydrofurans; Butenolides; 3-hydroxysteroids; 3-beta-hydroxysteroids; Enoate esters; Alpha,beta-unsaturated carboxylic esters; Organic oxides; Oxacyclic compounds; Hydrocarbon derivatives; 14-hydroxysteroids; Organic oxygen compounds; Chemical entities	391,248	97	1,609	627563459527306853	627562788795174111	30	
1	C9H19NO4	[M + H]+	C9H20NO4+	Amino acids and Peptides	0,939	Small peptides	0,911	Aminoacids	0,722	Organic acids and derivatives	0,986	Carboxylic acids and derivatives	0,974	Amino acids, peptides, and analogues	0,851	Amino acids and derivatives	0,851	Alpha amino acids and derivatives	0,612	Organic compounds; Lipids and lipid-like molecules; Amino acids, peptides, and analogues; Alpha amino acids and derivatives; Organic acids and derivatives; Carboxylic acids and derivatives; Organonitrogen compounds; Organooxygen compounds; Amino acids and derivatives; Carboxylic acid derivatives; Monocarboxylic acids and derivatives; Carboxylic acids; Carbonyl compounds; Amines; Fatty Acyls; Organic oxides; Hydrocarbon derivatives; Organopnictogen compounds; Organic oxygen compounds; Organic nitrogen compounds; Chemical entities	206,140	81	1,349	627562996975260388	627562788941974756	31	
1	C15H21N3O2	[M + H]+	C15H22N3O2+	Alkaloids	1,000	Tryptophan alkaloids	0,999	Pyrroloindole alkaloids	1,000	Organic acids and derivatives	0,995	Carboxylic acids and derivatives	0,981	Amino acids, peptides, and analogues	0,988	Amino acids and derivatives	0,988	Carbamate esters	0,998	Organic compounds; Organoheterocyclic compounds; Amino acids, peptides, and analogues; Pyrroles; Indoles and derivatives; Pyrrolidines; Organic acids and derivatives; Carboxylic acids and derivatives; Organonitrogen compounds; Carbamic acids and derivatives; Organooxygen compounds; Amino acids and derivatives; Organic carbonic acids and derivatives; Carbamate esters; Pyrroloindoles; Carbonyl compounds; Benzenoids; Amines; Tertiary amines; Tertiary alkylarylamines; Indoles; N-alkylpyrrolidines; Dialkylarylamines; Organic oxides; Azacyclic compounds; Hydrocarbon derivatives; Organopnictogen compounds; Organic oxygen compounds; Organic nitrogen compounds; Chemical entities	276,171	80	1,335	627563016906593603	627562789164272873	32	
1	C21H35NO	[M + H]+	C21H36NO+	Terpenoids	0,567	Diterpenoids	0,679	Primary amides	0,715	Lipids and lipid-like molecules	0,931	Prenol lipids	0,550	Diterpenoids	0,544			Diterpenoids	0,544	Organic compounds; Lipids and lipid-like molecules; Prenol lipids; Organic acids and derivatives; Carboxylic acids and derivatives; Organonitrogen compounds; Organooxygen compounds; Carboxylic acid amides; Carboxylic acid derivatives; Diterpenoids; Primary carboxylic acid amides; Carbonyl compounds; Organic oxides; Hydrocarbon derivatives; Organopnictogen compounds; Organic oxygen compounds; Organic nitrogen compounds; Chemical entities	318,279	133	2,221	627563830463169177	627562789348822254	33	
1	C20H24O9	[M + H]+	C20H25O9+	Terpenoids	0,986	Triterpenoids	0,801	Quassinoids	0,846	Lipids and lipid-like molecules	0,865	Prenol lipids	0,858	Terpene lactones	0,937	Diterpene lactones	0,798	Diterpene lactones	0,798	Organic compounds; Organoheterocyclic compounds; Lipids and lipid-like molecules; Lactones; Alcohols and polyols; Ethers; Prenol lipids; Organic acids and derivatives; Carboxylic acids and derivatives; Organooxygen compounds; Carboxylic acid derivatives; Carboxylic acid esters; Gamma butyrolactones; Terpene lactones; Cyclic alcohols and derivatives; Diterpene lactones; Diterpenoids; Acetals; Secondary alcohols; Tertiary alcohols; Furofurans; Carbonyl compounds; Tricarboxylic acids and derivatives; Polyols; Tetrahydrofurans; Organic oxides; Oxacyclic compounds; Hydrocarbon derivatives; Organic oxygen compounds; Chemical entities	409,150	123	2,046	627563574866474285	627562789529177331	34	
1	C20H24O10	[M + H]+	C20H25O10+	Terpenoids	0,986	Triterpenoids	0,833	Quassinoids	0,881	Lipids and lipid-like molecules	0,863	Prenol lipids	0,869	Terpene lactones	0,945	Diterpene lactones	0,824	Diterpene lactones	0,824	Organic compounds; Organoheterocyclic compounds; Lipids and lipid-like molecules; Lactones; Alcohols and polyols; Ethers; Prenol lipids; Organic acids and derivatives; Carboxylic acids and derivatives; Organooxygen compounds; Carboxylic acid derivatives; Carboxylic acid esters; Gamma butyrolactones; Terpene lactones; Cyclic alcohols and derivatives; Diterpene lactones; Diterpenoids; Acetals; Secondary alcohols; Tertiary alcohols; Furofurans; Carbonyl compounds; Tricarboxylic acids and derivatives; Polyols; Tetrahydrofurans; Organic oxides; Oxacyclic compounds; Hydrocarbon derivatives; Organic oxygen compounds; Chemical entities	425,144	123	2,043	627563641513965158	627562789675977976	35	
1	C16H20N6O9	[M + H]+	C16H21N6O9+	Terpenoids	0,490	Sesquiterpenoids	0,288	Prezizaane sesquiterpenoids	0,129	Organoheterocyclic compounds	0,979	Furofurans	0,621					Furofurans	0,621	Organic compounds; Organoheterocyclic compounds; Lactones; Alcohols and polyols; Ethers; Organic acids and derivatives; Carboxylic acids and derivatives; Organonitrogen compounds; Organooxygen compounds; Carboxylic acid derivatives; Carboxylic acid esters; Gamma butyrolactones; Secondary alcohols; Tertiary alcohols; Furofurans; Carbonyl compounds; Tetrahydrofurans; Organic oxides; Azacyclic compounds; Oxacyclic compounds; Hydrocarbon derivatives; Organopnictogen compounds; Organic oxygen compounds; Organic nitrogen compounds; Chemical entities	441,139	100	1,664	627563535947526886	627562789789224189	36	
1	C20H32N2O7	[M + H]+	C20H33N2O7+	Alkaloids	0,252	Lysine alkaloids	0,086	Piperidine alkaloids	0,075	Organic acids and derivatives	0,998	Carboxylic acids and derivatives	0,991	Amino acids, peptides, and analogues	0,609	Amino acids and derivatives	0,602	Alpha amino acids and derivatives	0,614	Organic compounds; Lipids and lipid-like molecules; Amino acids, peptides, and analogues; Alpha amino acids and derivatives; Alcohols and polyols; Fatty acids and conjugates; Organic acids and derivatives; Carboxylic acids and derivatives; Organonitrogen compounds; Organooxygen compounds; Fatty amides; Hydroxy fatty acids; Amino acids and derivatives; Organic carbonic acids and derivatives; Carboxylic acid amides; Carboxylic acid derivatives; N-acyl amines; Monocarboxylic acids and derivatives; Carboxylic acids; Secondary alcohols; Secondary carboxylic acid amides; Carbonyl compounds; Fatty Acyls; Organic oxides; Hydrocarbon derivatives; Organopnictogen compounds; Organic oxygen compounds; Organic nitrogen compounds; Chemical entities	413,230	121	2,015	627563495627682137	627562789910859010	37	
1	C43H62O14	[M + H]+	C43H63O14+	Terpenoids	1,000	Steroids	0,999	Cardenolides	1,000	Lipids and lipid-like molecules	0,985	Steroids and steroid derivatives	0,996	Steroid lactones	0,996	Cardenolides and derivatives	0,995	Cardenolide glycosides and derivatives	0,991	Organic compounds; Organoheterocyclic compounds; Carbohydrates and carbohydrate conjugates; Lipids and lipid-like molecules; Lactones; Alcohols and polyols; Oligosaccharides; Ethers; Steroids and steroid derivatives; Organic acids and derivatives; Carboxylic acids and derivatives; Organooxygen compounds; Steroidal glycosides; Carboxylic acid derivatives; Steroid lactones; Monocarboxylic acids and derivatives; Carboxylic acid esters; Cyclic alcohols and derivatives; Hydroxysteroids; Cardenolides and derivatives; Cardenolide glycosides and derivatives; Acetals; Secondary alcohols; Tertiary alcohols; Carbonyl compounds; Furanones; Dihydrofurans; Oxanes; Glycosyl compounds; O-glycosyl compounds; Butenolides; Enoate esters; Alpha,beta-unsaturated carboxylic esters; Organic oxides; Oxacyclic compounds; Hydrocarbon derivatives; 14-hydroxysteroids; Organic oxygen compounds; Chemical entities	803,418	152	2,538	627563910431772953	627562790036688135	38	
1	C21H35NO	[M + H]+	C21H36NO+	Terpenoids	0,401	Diterpenoids	0,536	Steroidal alkaloids	0,134	Lipids and lipid-like molecules	0,856	Prenol lipids	0,592	Diterpenoids	0,508			Diterpenoids	0,508	Organic compounds; Lipids and lipid-like molecules; Alcohols and polyols; Prenol lipids; Organonitrogen compounds; Organooxygen compounds; Diterpenoids; Amines; Hydrocarbon derivatives; Organopnictogen compounds; Organic oxygen compounds; Organic nitrogen compounds; Chemical entities	318,279	98	1,625	627563450555690405	627562790191877388	39	
1	C21H33NO	[M + H]+	C21H34NO+	Terpenoids	0,946	Diterpenoids	0,970	Norkaurane diterpenoids	0,047	Lipids and lipid-like molecules	0,961	Prenol lipids	0,838	Diterpenoids	0,898			Diterpenoids	0,898	Organic compounds; Lipids and lipid-like molecules; Hydrophenanthrenes; Prenol lipids; Organic acids and derivatives; Carboxylic acids and derivatives; Organonitrogen compounds; Organooxygen compounds; Carboxylic acid amides; Carboxylic acid derivatives; Diterpenoids; Primary carboxylic acid amides; Carbonyl compounds; Organic oxides; Hydrocarbon derivatives; Organopnictogen compounds; Organic oxygen compounds; Organic nitrogen compounds; Chemical entities	316,264	126	2,097	627563582462358977	627562790300929297	40	
1	C21H35NO	[M + H]+	C21H36NO+	Alkaloids	0,359	Pseudoalkaloids (transamidation)	0,752	Terpenoid alkaloids	0,231	Lipids and lipid-like molecules	0,816	Steroids and steroid derivatives	0,633					Steroids and steroid derivatives	0,633	Organic compounds; Lipids and lipid-like molecules; Alcohols and polyols; Steroids and steroid derivatives; Organonitrogen compounds; Organooxygen compounds; Monoalkylamines; Cyclic alcohols and derivatives; Amines; Primary amines; Hydrocarbon derivatives; Organopnictogen compounds; Organic oxygen compounds; Organic nitrogen compounds; Chemical entities	318,280	131	2,192	627563817880256870	627562790430952726	41	
1	C21H33NO	[M + H]+	C21H34NO+	Terpenoids	0,871	Diterpenoids	0,944	Abietane diterpenoids	0,060	Lipids and lipid-like molecules	0,953	Prenol lipids	0,757	Diterpenoids	0,852			Diterpenoids	0,852	Organic compounds; Lipids and lipid-like molecules; Phenanthrenes and derivatives; Hydrophenanthrenes; Prenol lipids; Organic acids and derivatives; Carboxylic acids and derivatives; Organonitrogen compounds; Organooxygen compounds; Carboxylic acid amides; Carboxylic acid derivatives; Diterpenoids; Primary carboxylic acid amides; Carbonyl compounds; Naphthalenecarboxamides; Benzenoids; Amines; Organic oxides; Hydrocarbon derivatives; Organopnictogen compounds; Organic oxygen compounds; Organic nitrogen compounds; Chemical entities	316,264	134	2,232	627563813409128151	627562790548393243	42	
1	C22H37NO	[M + H]+	C22H38NO+	Alkaloids	0,767	Pseudoalkaloids (transamidation)	0,941	Steroidal alkaloids	0,776	Lipids and lipid-like molecules	0,836	Steroids and steroid derivatives	0,811	Steroidal alkaloids	0,584			Steroidal alkaloids	0,584	Organic compounds; Lipids and lipid-like molecules; Alcohols and polyols; Steroids and steroid derivatives; Organonitrogen compounds; Organooxygen compounds; Monoalkylamines; Cyclic alcohols and derivatives; Hydroxysteroids; Secondary alcohols; Azasteroids and derivatives; Amines; Primary amines; Steroidal alkaloids; Hydrocarbon derivatives; Organopnictogen compounds; Organic oxygen compounds; Organic nitrogen compounds; Chemical entities	332,295	130	2,168	627563584194606574	627562790682610976	43	
1	C22H35NO	[M + H]+	C22H36NO+	Alkaloids	0,943	Pseudoalkaloids (transamidation)	0,978	Steroidal alkaloids	0,922	Lipids and lipid-like molecules	0,742	Steroids and steroid derivatives	0,782	Hydroxysteroids	0,558			Hydroxysteroids	0,558	Organic compounds; Organoheterocyclic compounds; Lipids and lipid-like molecules; Alcohols and polyols; Steroids and steroid derivatives; Organonitrogen compounds; Organooxygen compounds; Cyclic alcohols and derivatives; Hydroxysteroids; Secondary alcohols; Amines; Hydrocarbon derivatives; Organopnictogen compounds; Organic oxygen compounds; Organic nitrogen compounds; Chemical entities	330,279	138	2,292	627563816810708836	627562790816828709	44	
1	C22H37NO	[M + H]+	C22H38NO+	Alkaloids	0,805	Pseudoalkaloids (transamidation)	0,951	Steroidal alkaloids	0,819	Lipids and lipid-like molecules	0,844	Steroids and steroid derivatives	0,836	Steroidal alkaloids	0,628			Steroidal alkaloids	0,628	Organic compounds; Lipids and lipid-like molecules; Alcohols and polyols; Steroids and steroid derivatives; Organonitrogen compounds; Organooxygen compounds; Monoalkylamines; Cyclic alcohols and derivatives; Hydroxysteroids; Secondary alcohols; Azasteroids and derivatives; Amines; Primary amines; Steroidal alkaloids; Hydrocarbon derivatives; Organopnictogen compounds; Organic oxygen compounds; Organic nitrogen compounds; Chemical entities	332,295	130	2,168	627563804911467146	627562790942657834	45	
1	C30H42N4O2	[M + H]+	C30H43N4O2+	Alkaloids	0,866	Tryptophan alkaloids	0,232	Pyrroloindole alkaloids	0,021	Organic acids and derivatives	0,999	Carboxylic acids and derivatives	0,998	Amino acids, peptides, and analogues	0,985	Amino acids and derivatives	0,984	Alpha amino acids and derivatives	0,515	Organic compounds; Organoheterocyclic compounds; Amino acids, peptides, and analogues; Alpha amino acids and derivatives; Lactams; Piperidines; Organic acids and derivatives; Carboxylic acids and derivatives; Organonitrogen compounds; Organooxygen compounds; Amino acids and derivatives; Carboxylic acid amides; Carboxylic acid derivatives; Tertiary carboxylic acid amides; Carbonyl compounds; Trialkylamines; Benzene and substituted derivatives; Benzenoids; Amines; Tertiary amines; Aralkylamines; Organic oxides; Azacyclic compounds; Hydrocarbon derivatives; Organopnictogen compounds; Organic oxygen compounds; Organic nitrogen compounds; Chemical entities	491,338	70	1,172	627563026612213616	627562791055904047	46	
1	C21H20O12	[M + H]+	C21H21O12+	Shikimates and Phenylpropanoids	1,000	Flavonoids	0,999	Flavonols	0,990	Phenylpropanoids and polyketides	0,998	Flavonoids	0,998	Flavonoid glycosides	0,993	Flavonoid O-glycosides	0,994	Flavonoid-3-O-glycosides	0,751	Organic compounds; Organoheterocyclic compounds; Carbohydrates and carbohydrate conjugates; Pyrans; Benzopyrans; Alcohols and polyols; Phenols; Catechols; Chromones; Ethers; Phenylpropanoids and polyketides; Organic acids and derivatives; Primary alcohols; Organooxygen compounds; Flavonoids; Pyranones and derivatives; Flavonoid glycosides; Benzenediols; Hexoses; Monosaccharides; Flavonoid O-glycosides; Flavones; Acetals; Secondary alcohols; Oxanes; Glycosyl compounds; O-glycosyl compounds; Benzene and substituted derivatives; Polyols; Benzenoids; 3'-hydroxyflavonoids; 4'-hydroxyflavonoids; Hydroxyflavonoids; 5-hydroxyflavonoids; 7-hydroxyflavonoids; 1-benzopyrans; Flavonoid-3-O-glycosides; Vinylogous acids; Organic oxides; Oxacyclic compounds; Heteroaromatic compounds; Hydrocarbon derivatives; Organic oxygen compounds; 1-hydroxy-2-unsubstituted benzenoids; 1-hydroxy-4-unsubstituted benzenoids; Chemical entities	465,103	90	1,494	627563091410017195	627562791194316084	47	
1	C16H14O4	[M + H]+	C16H15O4+	Shikimates and Phenylpropanoids	1,000	Coumarins	1,000	Furocoumarins	0,999	Phenylpropanoids and polyketides	0,997	Coumarins and derivatives	0,996	Furanocoumarins	0,988	Linear furanocoumarins	0,978	Psoralens	0,978	Organic compounds; Organoheterocyclic compounds; Lactones; Furans; Pyrans; Benzopyrans; Alkyl aryl ethers; Coumarins and derivatives; Psoralens; Ethers; Phenylpropanoids and polyketides; Benzofurans; Organooxygen compounds; Furanocoumarins; Pyranones and derivatives; Benzenoids; Linear furanocoumarins; 1-benzopyrans; Organic oxides; Oxacyclic compounds; Heteroaromatic compounds; Hydrocarbon derivatives; Organic oxygen compounds; Chemical entities	271,097	194	3,226	627563846900648317	627562791315950905	48	
1	C27H35NO12	[M + H]+	C27H36NO12+	Alkaloids	0,999	Tyrosine alkaloids	0,996	Terpenoid tetrahydroisoquinoline alkaloids	0,999	Lipids and lipid-like molecules	0,903	Prenol lipids	0,984	Terpene glycosides	0,986			Terpene glycosides	0,986	Organic compounds; Organoheterocyclic compounds; Carbohydrates and carbohydrate conjugates; Lipids and lipid-like molecules; Aromatic monoterpenoids; Alcohols and polyols; Phenols; Sugar acids and derivatives; Ethers; Prenol lipids; Organic acids and derivatives; Carboxylic acids and derivatives; Organonitrogen compounds; Primary alcohols; Organooxygen compounds; Carboxylic acid amides; Carboxylic acid derivatives; Carboxylic acid esters; Monosaccharides; Monoterpenoids; Bicyclic monoterpenoids; Iridoids and derivatives; Acetals; Secondary alcohols; Tertiary carboxylic acid amides; Carbonyl compounds; Oxanes; Terpene glycosides; Glycosyl compounds; O-glycosyl compounds; Polyols; Benzenoids; Tetrahydroisoquinolines; Methyl esters; Enoate esters; Alpha,beta-unsaturated carboxylic esters; Vinylogous esters; Acetamides; Organic oxides; Azacyclic compounds; Oxacyclic compounds; Hydrocarbon derivatives; Organopnictogen compounds; Organic oxygen compounds; 1-hydroxy-2-unsubstituted benzenoids; Organic nitrogen compounds; Chemical entities	566,223	92	1,535	627563488287649891	627562791445974334	49	
1	C16H19NO2	[M + H]+	C16H20NO2+	Alkaloids	0,981	Lysine alkaloids	0,714	Piperidine alkaloids	0,207	Organic nitrogen compounds	1,000	Organonitrogen compounds	1,000	Amines	0,995	Aralkylamines	0,897	Aralkylamines	0,897	Organic compounds; Organoheterocyclic compounds; Piperidines; Ethers; Organonitrogen compounds; Organooxygen compounds; Trialkylamines; Benzenoids; Amines; Tertiary amines; Aralkylamines; Azacyclic compounds; Oxacyclic compounds; Hydrocarbon derivatives; Organopnictogen compounds; Organic oxygen compounds; Organic nitrogen compounds; Chemical entities	258,149	93	1,549	627563418192437795	627562791588580675	50	
1	C10H10O4	[M + H]+	C10H11O4+	Shikimates and Phenylpropanoids	0,996	Phenylpropanoids (C6-C3)	0,999	Cinnamic acids and derivatives	0,999	Phenylpropanoids and polyketides	0,952	Cinnamic acids and derivatives	0,895	Hydroxycinnamic acids and derivatives	0,938	Coumaric acids and derivatives	0,927	Coumaric acids and derivatives	0,927	Organic compounds; Styrenes; Coumaric acids and derivatives; Alkyl aryl ethers; Phenols; Anisoles; Methoxyphenols; Ethers; Phenylpropanoids and polyketides; Organic acids and derivatives; Carboxylic acids and derivatives; Organooxygen compounds; Cinnamic acids and derivatives; Monocarboxylic acids and derivatives; Carboxylic acids; Hydroxycinnamic acids and derivatives; Carbonyl compounds; Benzene and substituted derivatives; Phenol ethers; Benzenoids; Hydroxycinnamic acids; Cinnamic acids; Organic oxides; Methoxybenzenes; Hydrocarbon derivatives; Organic oxygen compounds; 1-hydroxy-2-unsubstituted benzenoids; Phenoxy compounds; Chemical entities	195,065	100	1,672	627563433551981347	627562791701826888	51	
1	C21H37NO	[M + H]+	C21H38NO+	Terpenoids	0,682	Diterpenoids	0,710	Steroidal alkaloids	0,088	Lipids and lipid-like molecules	0,828	Prenol lipids	0,608	Diterpenoids	0,525			Diterpenoids	0,525	Organic compounds; Lipids and lipid-like molecules; Alcohols and polyols; Prenol lipids; Organonitrogen compounds; Organooxygen compounds; Cyclic alcohols and derivatives; Diterpenoids; Secondary alcohols; Amines; Hydrocarbon derivatives; Organopnictogen compounds; Organic oxygen compounds; Organic nitrogen compounds; Chemical entities	320,295	122	2,028	627563537566528284	627562791836044621	52	
1	C16H12O5	[M + H]+	C16H13O5+	Shikimates and Phenylpropanoids	0,998	Isoflavonoids	0,983	Isoflavones	0,980	Phenylpropanoids and polyketides	0,987	Isoflavonoids	0,978	O-methylated isoflavonoids	0,560			O-methylated isoflavonoids	0,560	Organic compounds; Organoheterocyclic compounds; Pyrans; Benzopyrans; Alkyl aryl ethers; Phenols; Anisoles; Chromones; Ethers; Phenylpropanoids and polyketides; Organic acids and derivatives; Organooxygen compounds; Pyranones and derivatives; Isoflavones; Benzene and substituted derivatives; Phenol ethers; Benzenoids; Isoflavonoids; O-methylated isoflavonoids; Isoflav-2-enes; 1-benzopyrans; Vinylogous acids; Organic oxides; Oxacyclic compounds; Heteroaromatic compounds; Hydrocarbon derivatives; Hydroxyisoflavonoids; Organic oxygen compounds; 1-hydroxy-2-unsubstituted benzenoids; 1-hydroxy-4-unsubstituted benzenoids; Chemical entities	285,076	109	1,818	627563440090901490	627562791982845266	53	
1	C22H16N4O8	[M + H]+	C22H17N4O8+	Shikimates and Phenylpropanoids	0,997	Flavonoids	0,993	Flavonols	0,970	Phenylpropanoids and polyketides	0,970	Flavonoids	0,989	Flavones	0,978	Flavonols	0,698	Flavonols	0,698	Organic compounds; Organoheterocyclic compounds; Pyrans; Benzopyrans; Alcohols and polyols; Phenols; Chromones; Ethers; Phenylpropanoids and polyketides; Organic acids and derivatives; Organooxygen compounds; Flavonoids; Pyranones and derivatives; Flavonols; Flavones; Benzene and substituted derivatives; Polyols; Benzenoids; 3-hydroxyflavonoids; 3'-hydroxyflavonoids; 4'-hydroxyflavonoids; Hydroxyflavonoids; 5-hydroxyflavonoids; 7-hydroxyflavonoids; 1-benzopyrans; Vinylogous acids; Organic oxides; Oxacyclic compounds; Heteroaromatic compounds; Hydrocarbon derivatives; Organic oxygen compounds; 1-hydroxy-2-unsubstituted benzenoids; 1-hydroxy-4-unsubstituted benzenoids; Organic nitrogen compounds; Chemical entities	465,103	89	1,482	627563067787696861	627562792121257303	54	
1	C16H12O7	[M + H]+	C16H13O7+	Shikimates and Phenylpropanoids	1,000	Flavonoids	0,999	Flavonols	0,987	Phenylpropanoids and polyketides	0,997	Flavonoids	0,996	O-methylated flavonoids	0,990	3'-O-methylated flavonoids	0,744	3'-O-methylated flavonoids	0,744	Organic compounds; Organoheterocyclic compounds; Pyrans; Benzopyrans; Alkyl aryl ethers; Alcohols and polyols; Phenols; Anisoles; Chromones; Methoxyphenols; Ethers; Phenylpropanoids and polyketides; Organic acids and derivatives; Organooxygen compounds; Flavonoids; Pyranones and derivatives; Flavonols; Flavones; Benzene and substituted derivatives; Polyols; Phenol ethers; Benzenoids; O-methylated flavonoids; 3'-O-methylated flavonoids; 3-hydroxyflavonoids; 4'-hydroxyflavonoids; Hydroxyflavonoids; 5-hydroxyflavonoids; 7-hydroxyflavonoids; 1-benzopyrans; Vinylogous acids; Organic oxides; Methoxybenzenes; Oxacyclic compounds; Heteroaromatic compounds; Hydrocarbon derivatives; Organic oxygen compounds; 1-hydroxy-2-unsubstituted benzenoids; 1-hydroxy-4-unsubstituted benzenoids; Phenoxy compounds; Chemical entities	317,066	138	2,302	627563846552521040	627562792242892124	55	
1	C15H10O6	[M + H]+	C15H11O6+	Shikimates and Phenylpropanoids	1,000	Flavonoids	0,993	Flavonols	0,924	Phenylpropanoids and polyketides	0,987	Flavonoids	0,969	Flavones	0,932	Flavonols	0,877	Flavonols	0,877	Organic compounds; Organoheterocyclic compounds; Pyrans; Benzopyrans; Alcohols and polyols; Phenols; Chromones; Phenylpropanoids and polyketides; Organic acids and derivatives; Organooxygen compounds; Flavonoids; Pyranones and derivatives; Flavonols; Flavones; Benzene and substituted derivatives; Polyols; Benzenoids; 3-hydroxyflavonoids; 4'-hydroxyflavonoids; Hydroxyflavonoids; 5-hydroxyflavonoids; 7-hydroxyflavonoids; 1-benzopyrans; Vinylogous acids; Organic oxides; Oxacyclic compounds; Heteroaromatic compounds; Hydrocarbon derivatives; Organic oxygen compounds; 1-hydroxy-2-unsubstituted benzenoids; 1-hydroxy-4-unsubstituted benzenoids; Chemical entities	287,055	138	2,301	627563829926298204	627562792372915553	56	
1	C15H24N2O	[M + H]+	C15H25N2O+	Alkaloids	1,000	Lysine alkaloids	1,000	Quinolizidine alkaloids	1,000	Alkaloids and derivatives	0,891	Lupin alkaloids	0,982	Sparteine, lupanine, and related alkaloids	0,717			Sparteine, lupanine, and related alkaloids	0,717	Organic compounds; Organoheterocyclic compounds; Amino acids, peptides, and analogues; Lactams; Delta lactams; Piperidines; Quinolizidines; Organic acids and derivatives; Carboxylic acids and derivatives; Organonitrogen compounds; Alkaloids and derivatives; Organooxygen compounds; Amino acids and derivatives; Carboxylic acid amides; Carboxylic acid derivatives; Quinolizidinones; Piperidinones; Tertiary carboxylic acid amides; Sparteine, lupanine, and related alkaloids; Carbonyl compounds; Naphthyridines; Trialkylamines; Amines; Tertiary amines; Lupin alkaloids; Organic oxides; Azacyclic compounds; Hydrocarbon derivatives; Organopnictogen compounds; Organic oxygen compounds; Organic nitrogen compounds; Diazanaphthalenes; Chemical entities	249,196	54	0,902	627562995482088072	627562792486161766	57	
1	C25H31N3O2	[M + H]+	C25H32N3O2+	Alkaloids	0,980	Ornithine alkaloids	0,998	Polyamines	0,998	Organic acids and derivatives	1,000	Carboxylic acids and derivatives	1,000	Amino acids, peptides, and analogues	0,963	Amino acids and derivatives	0,962	Amino acids and derivatives	0,962	Organic compounds; Organoheterocyclic compounds; Amino acids, peptides, and analogues; Styrenes; Phenylpropanoids and polyketides; Organic acids and derivatives; Carboxylic acids and derivatives; Organonitrogen compounds; Organooxygen compounds; Amino acids and derivatives; Carboxylic acid amides; Cinnamic acids and derivatives; Carboxylic acid derivatives; Secondary carboxylic acid amides; Carbonyl compounds; Trialkylamines; Benzene and substituted derivatives; Benzenoids; Amines; Tertiary amines; Cinnamic acid amides; Organic oxides; Azacyclic compounds; Hydrocarbon derivatives; Organopnictogen compounds; Organic oxygen compounds; Organic nitrogen compounds; Chemical entities	406,248	151	2,515	627563840265259141	627562792607796587	58	
1	C16H23NO6	[M + H]+	C16H24NO6+	Alkaloids	1,000	Ornithine alkaloids	1,000	Pyrrolizidine alkaloids	1,000	Organic acids and derivatives	1,000	Carboxylic acids and derivatives	1,000	Amino acids, peptides, and analogues	0,946	Amino acids and derivatives	0,945	Amino acids and derivatives	0,945	Organic compounds; Organoheterocyclic compounds; Amino acids, peptides, and analogues; Lactones; Pyrrolines; Alcohols and polyols; Pyrrolidines; Pyrrolizines; Organic acids and derivatives; Carboxylic acids and derivatives; Organonitrogen compounds; Alkaloids and derivatives; Organooxygen compounds; Dicarboxylic acids and derivatives; Amino acids and derivatives; Carboxylic acid derivatives; Carboxylic acid esters; Tertiary alcohols; Carbonyl compounds; Trialkylamines; Polyols; Amines; Tertiary amines; N-alkylpyrrolidines; Organic oxides; Azacyclic compounds; Oxacyclic compounds; Hydrocarbon derivatives; Organopnictogen compounds; Organic oxygen compounds; Organic nitrogen compounds; Chemical entities	326,159	62	1,035	627563025798518585	627562792733625712	59	
1	C21H20O12	[M + H]+	C21H21O12+	Shikimates and Phenylpropanoids	1,000	Flavonoids	0,999	Flavonols	0,997	Phenylpropanoids and polyketides	0,993	Flavonoids	0,995	Flavonoid glycosides	0,992	Flavonoid O-glycosides	0,993	Flavonoid-3-O-glycosides	0,946	Organic compounds; Organoheterocyclic compounds; Carbohydrates and carbohydrate conjugates; Pyrans; Benzopyrans; Alcohols and polyols; Phenols; Chromones; Ethers; Phenylpropanoids and polyketides; Organic acids and derivatives; Organooxygen compounds; Flavonoids; Pyrogallols and derivatives; Pyranones and derivatives; Flavonoid glycosides; Benzenetriols and derivatives; Hexoses; Monosaccharides; Flavonoid O-glycosides; Flavones; Acetals; Secondary alcohols; Oxanes; Glycosyl compounds; O-glycosyl compounds; Benzene and substituted derivatives; Polyols; Benzenoids; 3'-hydroxyflavonoids; 4'-hydroxyflavonoids; Hydroxyflavonoids; 5-hydroxyflavonoids; 7-hydroxyflavonoids; 1-benzopyrans; Flavonoid-3-O-glycosides; Vinylogous acids; Organic oxides; Oxacyclic compounds; Heteroaromatic compounds; Hydrocarbon derivatives; Organic oxygen compounds; 1-hydroxy-2-unsubstituted benzenoids; 1-hydroxy-4-unsubstituted benzenoids; Chemical entities	465,103	90	1,503	627563480343637836	627562792842677621	60	
1	C31H43N5O2	[M + H]+	C31H44N5O2+	Alkaloids	0,812	Pseudoalkaloids (transamidation)	0,392	Steroidal alkaloids	0,382	Organic nitrogen compounds	1,000	Organonitrogen compounds	1,000	Amines	0,949	Tertiary amines	0,775	Dialkylarylamines	0,658	Organic compounds; Organoheterocyclic compounds; Triazines; Organonitrogen compounds; Organooxygen compounds; Aminotriazines; Amines; Tertiary amines; Tertiary alkylarylamines; Dialkylarylamines; 1,3,5-triazines; Azacyclic compounds; Heteroaromatic compounds; Hydrocarbon derivatives; Organopnictogen compounds; Organic oxygen compounds; Organic nitrogen compounds; Chemical entities	518,347	118	1,965	627563514137145952	627562792955923834	61	
1	C12H16N2O	[M + H]+	C12H17N2O+	Alkaloids	1,000	Nicotinic acid alkaloids	0,900	Pyridine alkaloids	0,900	Alkaloids and derivatives	0,928	Lupin alkaloids	0,665					Lupin alkaloids	0,665	Organic compounds; Organoheterocyclic compounds; Pyridines and derivatives; Lactams; Piperidines; Organonitrogen compounds; Alkaloids and derivatives; Organooxygen compounds; Pyridinones; Hydropyridines; Trialkylamines; Amines; Tertiary amines; Lupin alkaloids; Aralkylamines; Organic oxides; Azacyclic compounds; Heteroaromatic compounds; Hydrocarbon derivatives; Organopnictogen compounds; Organic oxygen compounds; Organic nitrogen compounds; Chemical entities	205,134	32	0,529	627563002553684942	627562793090141567	62	
1	C19H37NO3	[M + H]+	C19H38NO3+	Alkaloids	0,606	Spingolipids	0,691	Sphingoid bases	0,883	Organic nitrogen compounds	1,000	Organonitrogen compounds	1,000	Amines	0,962	Alkanolamines	0,886	1,2-aminoalcohols	0,757	Organic compounds; Organoheterocyclic compounds; Alcohols and polyols; Organonitrogen compounds; Primary alcohols; Organooxygen compounds; Secondary alcohols; 1,2-aminoalcohols; Amines; Alkanolamines; Azacyclic compounds; Hydrocarbon derivatives; Organopnictogen compounds; Organic oxygen compounds; Organic nitrogen compounds; Chemical entities	328,285	442	7,372	627563937984156324	627562793194999172	63	
1	C11H14N2	[M + H]+	C11H15N2+	Alkaloids	0,999	Tryptophan alkaloids	0,992	Simple indole alkaloids	0,991	Organoheterocyclic compounds	0,999	Indoles and derivatives	0,997	Tryptamines and derivatives	0,827			Tryptamines and derivatives	0,827	Organic compounds; Organoheterocyclic compounds; Pyrroles; Tryptamines and derivatives; Indoles and derivatives; Organonitrogen compounds; Dialkylamines; Substituted pyrroles; Benzenoids; Amines; Secondary amines; Indoles; Aralkylamines; Azacyclic compounds; Heteroaromatic compounds; Hydrocarbon derivatives; 3-alkylindoles; Organopnictogen compounds; Organic nitrogen compounds; Chemical entities	175,123	72	1,202	627563008635425969	627562793287273865	64	
1	C9H6O3	[M + H]+	C9H7O3+	Shikimates and Phenylpropanoids	1,000	Coumarins	0,999	Simple coumarins	0,999	Phenylpropanoids and polyketides	0,995	Coumarins and derivatives	0,995	Hydroxycoumarins	0,963	7-hydroxycoumarins	0,907	7-hydroxycoumarins	0,907	Organic compounds; Organoheterocyclic compounds; Lactones; Pyrans; Benzopyrans; Phenols; Coumarins and derivatives; Phenylpropanoids and polyketides; Organooxygen compounds; Pyranones and derivatives; Benzenoids; Hydroxycoumarins; 7-hydroxycoumarins; 1-benzopyrans; Organic oxides; Oxacyclic compounds; Heteroaromatic compounds; Hydrocarbon derivatives; Organic oxygen compounds; 1-hydroxy-2-unsubstituted benzenoids; Chemical entities	163,039	97	1,611	627563430368504414	627562793442463118	65	
1	C13H9NO	[M + H]+	C13H10NO+	Alkaloids	0,929	Tyrosine alkaloids	0,477	Acridone alkaloids	0,588	Benzenoids	0,985							Benzenoids	0,985	Organic compounds; Organoheterocyclic compounds; Pyridines and derivatives; Organonitrogen compounds; Organooxygen compounds; Benzenoids; Organic oxides; Azacyclic compounds; Heteroaromatic compounds; Hydrocarbon derivatives; Organopnictogen compounds; Organic oxygen compounds; Organic nitrogen compounds; Chemical entities	196,076	159	2,658	627563849878604301	627562793601846675	66	
1	C19H27NO3S	[M + H]+	C19H28NO3S+	Alkaloids	0,913	Tyrosine alkaloids	0,910	Isoquinoline alkaloids	0,687	Benzenoids	0,991	Phenanthrenes and derivatives	0,574					Phenanthrenes and derivatives	0,574	Organic compounds; Organoheterocyclic compounds; Organosulfur compounds; Naphthalenes; Phenanthrenes and derivatives; Alkyl aryl ethers; Phenols; Anisoles; Ethers; Organonitrogen compounds; Organooxygen compounds; Trialkylamines; Phenol ethers; Benzenoids; Amines; Tetrahydroisoquinolines; Aralkylamines; Azacyclic compounds; Hydrocarbon derivatives; Organopnictogen compounds; Organic oxygen compounds; Organic nitrogen compounds; Chemical entities	350,175	97	1,614	627563449913961839	627562793698315672	67	
1	C18H16O7	[M + H]+	C18H17O7+	Shikimates and Phenylpropanoids	1,000	Flavonoids	0,999	Flavonols	0,969	Phenylpropanoids and polyketides	0,999	Flavonoids	0,998	O-methylated flavonoids	0,996	3-O-methylated flavonoids	0,720	3-O-methylated flavonoids	0,720	Organic compounds; Organoheterocyclic compounds; Pyrans; Benzopyrans; Alkyl aryl ethers; Phenols; Anisoles; Chromones; Methoxyphenols; Ethers; Phenylpropanoids and polyketides; Organic acids and derivatives; Organooxygen compounds; Flavonoids; Pyranones and derivatives; Flavones; Benzene and substituted derivatives; Phenol ethers; Benzenoids; O-methylated flavonoids; 3-O-methylated flavonoids; 7-O-methylated flavonoids; 3'-O-methylated flavonoids; 3-hydroxyflavonoids; 3'-hydroxyflavonoids; 4'-hydroxyflavonoids; Hydroxyflavonoids; 5-hydroxyflavonoids; 1-benzopyrans; Vinylogous acids; Organic oxides; Methoxybenzenes; Oxacyclic compounds; Heteroaromatic compounds; Hydrocarbon derivatives; Organic oxygen compounds; 1-hydroxy-2-unsubstituted benzenoids; 1-hydroxy-4-unsubstituted benzenoids; Phenoxy compounds; 3-methoxychromones; Chemical entities	345,096	200	3,335	627563933949235701	627562793857699229	68	
1	C13H15NO2	[M + H]+	C13H16NO2+	Alkaloids	0,896	Tryptophan alkaloids	0,272	Quinoline alkaloids	0,071	Organoheterocyclic compounds	0,989	Quinolines and derivatives	0,669	Hydroquinolines	0,709			Hydroquinolines	0,709	Organic compounds; Organoheterocyclic compounds; Organic acids and derivatives; Carboxylic acids and derivatives; Organonitrogen compounds; Organooxygen compounds; Carboxylic acid amides; Carboxylic acid derivatives; Quinolines and derivatives; Hydroquinolines; Carbonyl compounds; Benzenoids; Organic oxides; Azacyclic compounds; Oxacyclic compounds; Hydrocarbon derivatives; Organopnictogen compounds; Organic oxygen compounds; Organic nitrogen compounds; Chemical entities	218,117	53	0,887	627562995960238761	627562794067414439	70	
1	C11H16N2O2	[M + H]+	C11H17N2O2+	Alkaloids	0,996	Histidine alkaloids	0,993	Imidazole alkaloids	0,993	Organoheterocyclic compounds	1,000	Lactones	0,912	Gamma butyrolactones	0,943			Gamma butyrolactones	0,943	Organic compounds; Organoheterocyclic compounds; Lactones; Imidazoles; Organic acids and derivatives; Carboxylic acids and derivatives; Organonitrogen compounds; Organooxygen compounds; Azoles; Carboxylic acid derivatives; Monocarboxylic acids and derivatives; Carboxylic acid esters; Gamma butyrolactones; Carbonyl compounds; Substituted imidazoles; N-substituted imidazoles; Organic oxides; Azacyclic compounds; Oxacyclic compounds; Heteroaromatic compounds; Hydrocarbon derivatives; Organopnictogen compounds; Organic oxygen compounds; Organic nitrogen compounds; Chemical entities	209,128	81	1,354	627562994316071515	627562794168077740	71	
1	C37H42N2O6	[M + H]+	C37H43N2O6+	Alkaloids	1,000	Tyrosine alkaloids	1,000	Isoquinoline alkaloids	0,991	Lignans, neolignans and related compounds	0,819							Lignans, neolignans and related compounds	0,819	Organic compounds; Organoheterocyclic compounds; Alkyl aryl ethers; Phenols; Anisoles; Ethers; Organonitrogen compounds; Organooxygen compounds; Lignans, neolignans and related compounds; Trialkylamines; Phenol ethers; Benzenoids; Amines; Tertiary amines; Diarylethers; Tetrahydroisoquinolines; Aralkylamines; Azacyclic compounds; Oxacyclic compounds; Hydrocarbon derivatives; Organopnictogen compounds; Organic oxygen compounds; 1-hydroxy-2-unsubstituted benzenoids; Organic nitrogen compounds; Chemical entities	611,311	85	1,417	627563030613579842	627562794310684081	72	
1	C18H35NO3	[M + H]+	C18H36NO3+	Alkaloids	0,784	Pseudoalkaloids (transamidation)	0,387	Terpenoid alkaloids	0,445	Organic oxygen compounds	0,999	Organooxygen compounds	0,997	Alcohols and polyols	0,987	Secondary alcohols	0,762	Secondary alcohols	0,762	Organic compounds; Organoheterocyclic compounds; Alcohols and polyols; Organonitrogen compounds; Primary alcohols; Organooxygen compounds; Secondary alcohols; Amines; Alkanolamines; Azacyclic compounds; Hydrocarbon derivatives; Organopnictogen compounds; Organic oxygen compounds; Organic nitrogen compounds; Chemical entities	314,269	121	2,017	627563499893289416	627562794432318902	73	
1	C31H44N2O10	[M + H]+	C31H45N2O10+	Alkaloids	0,983	Tryptophan alkaloids	0,951	Yohimbine-like alkaloids	0,704	Alkaloids and derivatives	0,870	Yohimbine alkaloids	0,524					Yohimbine alkaloids	0,524	Organic compounds; Organoheterocyclic compounds; Amino acids, peptides, and analogues; Alcohols and polyols; Piperidines; Indoles and derivatives; Ethers; Organic acids and derivatives; Carboxylic acids and derivatives; Organonitrogen compounds; Alkaloids and derivatives; Organooxygen compounds; Dicarboxylic acids and derivatives; Amino acids and derivatives; Carboxylic acid derivatives; Dialkyl ethers; Pyridoindoles; Carboxylic acid esters; Yohimbine alkaloids; Carbonyl compounds; Beta carbolines; Trialkylamines; Benzenoids; Amines; Tertiary amines; Corynanthean-type alkaloids; Methyl esters; Aralkylamines; Organic oxides; Azacyclic compounds; Oxacyclic compounds; Hydrocarbon derivatives; Organopnictogen compounds; Organic oxygen compounds; Organic nitrogen compounds; Chemical entities	605,303	1337	22,288	627564196726577776	627562794562342331	74	
1	C10H10N3O5S	[M + H]+	C10H11N3O5S+	Amino acids and Peptides	0,953	Î²-lactams	0,719	Cephalosporins	0,543	Organic acids and derivatives	0,973	Carboxylic acids and derivatives	0,949	Amino acids, peptides, and analogues	0,834	Amino acids and derivatives	0,833	Alpha amino acids and derivatives	0,841	Organic compounds; Organoheterocyclic compounds; Organosulfur compounds; Amino acids, peptides, and analogues; Alpha amino acids and derivatives; Organic acids and derivatives; Carboxylic acids and derivatives; Organonitrogen compounds; Organooxygen compounds; Amino acids and derivatives; Monocarboxylic acids and derivatives; Carboxylic acids; Carbonyl compounds; Organic oxides; Azacyclic compounds; Hydrocarbon derivatives; Amino acids; Organopnictogen compounds; Organic oxygen compounds; Organic nitrogen compounds; Chemical entities	285,038	196	3,267	627563890995367747	627562794671394240	75	
1	C27H30O16	[M + H]+	C27H31O16+	Shikimates and Phenylpropanoids	1,000	Flavonoids	1,000	Flavonols	0,984	Phenylpropanoids and polyketides	0,998	Flavonoids	0,999	Flavonoid glycosides	0,998	Flavonoid O-glycosides	0,997	Flavonoid-3-O-glycosides	0,969	Organic compounds; Organoheterocyclic compounds; Carbohydrates and carbohydrate conjugates; Pyrans; Benzopyrans; Alcohols and polyols; Phenols; Catechols; Chromones; Ethers; Phenylpropanoids and polyketides; Organic acids and derivatives; Organooxygen compounds; Flavonoids; Pyranones and derivatives; Flavonoid glycosides; Benzenediols; Disaccharides; Flavonoid O-glycosides; Flavones; Acetals; Secondary alcohols; Oxanes; Glycosyl compounds; O-glycosyl compounds; Benzene and substituted derivatives; Polyols; Benzenoids; 3'-hydroxyflavonoids; 4'-hydroxyflavonoids; Hydroxyflavonoids; 5-hydroxyflavonoids; 7-hydroxyflavonoids; 1-benzopyrans; Flavonoid-3-O-glycosides; Vinylogous acids; Organic oxides; Oxacyclic compounds; Heteroaromatic compounds; Hydrocarbon derivatives; Organic oxygen compounds; 1-hydroxy-2-unsubstituted benzenoids; 1-hydroxy-4-unsubstituted benzenoids; Chemical entities	611,161	84	1,407	627563029439174620	627562794805611973	76	
1	C11H12N6O5	[M + H]+	C11H13N6O5+	Carbohydrates	0,939	Nucleosides	0,933	Purine nucleosides	0,830	Nucleosides, nucleotides, and analogues	0,632	Purine nucleosides	0,552					Purine nucleosides	0,552	Organic compounds; Organoheterocyclic compounds; Carbohydrates and carbohydrate conjugates; Pyrimidines and pyrimidine derivatives; Imidazoles; Alcohols and polyols; Purines and purine derivatives; Organic acids and derivatives; Organonitrogen compounds; Primary alcohols; Nucleosides, nucleotides, and analogues; Pyrimidones; Organooxygen compounds; Azoles; Purine nucleosides; Purinones; Aminopyrimidines and derivatives; Diazines; 6-oxopurines; Monosaccharides; Secondary alcohols; Imidazopyrimidines; Glycosyl compounds; Glycosylamines; Polyols; Substituted imidazoles; N-substituted imidazoles; Amines; Primary amines; Organic oxides; Azacyclic compounds; Oxacyclic compounds; Heteroaromatic compounds; Hydrocarbon derivatives; Organopnictogen compounds; Organic oxygen compounds; Organic nitrogen compounds; Chemical entities	309,095	123	2,049	627563542750688195	627562794927246794	77	
1	C13H16N3O2	[M + H]+	C13H17N3O2+	Alkaloids	0,475	Sesquiterpenoids	0,311	Imidazole alkaloids	0,033	Organoheterocyclic compounds	0,697	Azacyclic compounds	0,628					Azacyclic compounds	0,628	Organic compounds; Organoheterocyclic compounds; Organonitrogen compounds; Organooxygen compounds; Carbonyl compounds; Organic oxides; Azacyclic compounds; Hydrocarbon derivatives; Organopnictogen compounds; Organic oxygen compounds; Organic nitrogen compounds; Chemical entities	247,133	138	2,308	627563836721072083	627562795069853135	78	
1	C13H17N7O2	[M + H]+	C13H18N7O2+	Amino acids and Peptides	0,835	Small peptides	0,601	Dipeptides	0,202	Organic acids and derivatives	0,865	Carboxylic acids and derivatives	0,722	Amino acids, peptides, and analogues	0,611	Amino acids and derivatives	0,607	Amino acids and derivatives	0,607	Organic compounds; Organoheterocyclic compounds; Amino acids, peptides, and analogues; Organic acids and derivatives; Carboxylic acids and derivatives; Organonitrogen compounds; Organooxygen compounds; Amino acids and derivatives; Azoles; Carboxylic acid amides; Carboxylic acid derivatives; Carbonyl compounds; Benzene and substituted derivatives; Benzenoids; Amines; Aralkylamines; Organic oxides; Azacyclic compounds; Heteroaromatic compounds; Hydrocarbon derivatives; Organopnictogen compounds; Organic oxygen compounds; Organic nitrogen compounds; Chemical entities	304,154	73	1,218	627563005527446554	627562795170516436	79	
1	C10H8O4	[M + H]+	C10H9O4+	Shikimates and Phenylpropanoids	1,000	Coumarins	1,000	Simple coumarins	0,989	Phenylpropanoids and polyketides	0,994	Coumarins and derivatives	0,992	Hydroxycoumarins	0,962	7-hydroxycoumarins	0,850	7-hydroxycoumarins	0,850	Organic compounds; Organoheterocyclic compounds; Lactones; Pyrans; Benzopyrans; Alkyl aryl ethers; Phenols; Anisoles; Coumarins and derivatives; Ethers; Phenylpropanoids and polyketides; Organooxygen compounds; Pyranones and derivatives; Phenol ethers; Benzenoids; Hydroxycoumarins; 7-hydroxycoumarins; 1-benzopyrans; Organic oxides; Oxacyclic compounds; Heteroaromatic compounds; Hydrocarbon derivatives; Organic oxygen compounds; 1-hydroxy-2-unsubstituted benzenoids; Chemical entities	193,049	121	2,023	627563493308231963	627562795262791129	80	
1	C15H26N2	[M + H]+	C15H27N2+	Alkaloids	1,000	Lysine alkaloids	1,000	Quinolizidine alkaloids	1,000	Alkaloids and derivatives	0,926	Lupin alkaloids	0,984	Sparteine, lupanine, and related alkaloids	0,977			Sparteine, lupanine, and related alkaloids	0,977	Organic compounds; Organoheterocyclic compounds; Piperidines; Quinolizidines; Organonitrogen compounds; Alkaloids and derivatives; Sparteine, lupanine, and related alkaloids; Trialkylamines; Amines; Tertiary amines; Lupin alkaloids; Azacyclic compounds; Hydrocarbon derivatives; Organopnictogen compounds; Organic nitrogen compounds; Chemical entities	235,217	49	0,814	627563020748576264	627562795363454430	81	
1	C32H43NO9	[M + H]+	C32H44NO9+	Terpenoids	0,848	Triterpenoids	0,923	Limonoids	0,932	Lipids and lipid-like molecules	0,822	Prenol lipids	0,699	Triterpenoids	0,570	Limonoids	0,650	Limonoids	0,650	Organic compounds; Organoheterocyclic compounds; Lipids and lipid-like molecules; Amino acids, peptides, and analogues; Lactones; Furans; Pyrans; Ketones; Alcohols and polyols; Ethers; Prenol lipids; Organic acids and derivatives; Carboxylic acids and derivatives; Organonitrogen compounds; Organooxygen compounds; Amino acids and derivatives; Carboxylic acid derivatives; Dialkyl ethers; Carboxylic acid esters; Delta valerolactones; Triterpenoids; Naphthopyrans; Carbonyl compounds; Oxanes; Limonoids; Methyl esters; Organic oxides; Oxacyclic compounds; Heteroaromatic compounds; Hydrocarbon derivatives; Organopnictogen compounds; Organic oxygen compounds; Organic nitrogen compounds; Chemical entities	586,301	187	3,114	627563878345346532	627562795489283555	82	
1	C9H10O5	[M + H]+	C9H11O5+	Shikimates and Phenylpropanoids	0,990	Phenolic acids (C6-C1)	0,736	Simple phenolic acids	0,564	Benzenoids	1,000	Benzene and substituted derivatives	1,000	Benzoic acids and derivatives	0,989	Hydroxybenzoic acid derivatives	0,982	Gallic acid and derivatives	0,901	Organic compounds; Alkyl aryl ethers; Phenols; Anisoles; Benzoic acids and derivatives; Methoxyphenols; Ethers; Organic acids and derivatives; Carboxylic acids and derivatives; Benzoyl derivatives; Organooxygen compounds; Monocarboxylic acids and derivatives; Carboxylic acids; Hydroxybenzoic acid derivatives; Gallic acid and derivatives; Benzene and substituted derivatives; Phenol ethers; Methoxybenzoic acids and derivatives; P-methoxybenzoic acids and derivatives; M-methoxybenzoic acids and derivatives; Benzenoids; Benzoic acids; Organic oxides; Methoxybenzenes; Hydrocarbon derivatives; Organic oxygen compounds; 1-hydroxy-2-unsubstituted benzenoids; 1-hydroxy-4-unsubstituted benzenoids; Phenoxy compounds; Chemical entities	199,060	81	1,350	627563000913711977	627562795589946856	83	
1	C20H24N2O	[M + H]+	C20H25N2O+	Alkaloids	0,999	Tryptophan alkaloids	0,994	Corynanthe type	0,953	Organoheterocyclic compounds	1,000	Indoles and derivatives	0,972	Pyridoindoles	0,928	Beta carbolines	0,934	Beta carbolines	0,934	Organic compounds; Organoheterocyclic compounds; Pyrroles; Alcohols and polyols; Piperidines; Indoles and derivatives; Organonitrogen compounds; Alkaloids and derivatives; Primary alcohols; Organooxygen compounds; Pyridoindoles; Beta carbolines; Trialkylamines; Benzenoids; Amines; Tertiary amines; Indoles; Aralkylamines; Azacyclic compounds; Heteroaromatic compounds; Hydrocarbon derivatives; 3-alkylindoles; Organopnictogen compounds; Organic oxygen compounds; Organic nitrogen compounds; Chemical entities	309,197	94	1,561	627563424001549540	627562795715775981	84	
1	C10H13N5	[M + H]+	C10H14N5+	Alkaloids	0,997	Pseudoalkaloids (transamidation)	0,988	Purine alkaloids	0,994	Organoheterocyclic compounds	1,000	Imidazopyrimidines	0,989	Purines and purine derivatives	0,990	6-aminopurines	0,923	6-alkylaminopurines	0,699	Organic compounds; Organoheterocyclic compounds; Pyrimidines and pyrimidine derivatives; Imidazoles; Purines and purine derivatives; Organonitrogen compounds; Azoles; Aminopyrimidines and derivatives; Diazines; Imidazopyrimidines; Amines; 6-aminopurines; 6-alkylaminopurines; Imidolactams; Azacyclic compounds; Heteroaromatic compounds; Hydrocarbon derivatives; Organopnictogen compounds; Organic nitrogen compounds; Chemical entities	204,124	83	1,387	627563034719803754	627562795824827890	85	
1	C7H7NO2	[M + H]+	C7H8NO2+	Alkaloids	0,810	Nicotinic acid alkaloids	0,968	Pyridine alkaloids	0,968	Organoheterocyclic compounds	0,777	Pyridines and derivatives	0,873	Pyridinecarboxylic acids and derivatives	0,665	Pyridinecarboxylic acids	0,667	Pyridinecarboxylic acids	0,667	Organic compounds; Organoheterocyclic compounds; Pyridines and derivatives; Organic acids and derivatives; Carboxylic acids and derivatives; Organonitrogen compounds; Organooxygen compounds; Pyridinecarboxylic acids and derivatives; Pyridinecarboxylic acids; Organic oxides; Azacyclic compounds; Heteroaromatic compounds; Hydrocarbon derivatives; Organopnictogen compounds; Organic oxygen compounds; Organic nitrogen compounds; Chemical entities	138,055	24	0,397	627562990557974957	627562795946462711	86	
1	C11H14O3	[M + H]+	C11H15O3+	Shikimates and Phenylpropanoids	0,810	Phenylpropanoids (C6-C3)	0,964	Cinnamic acids and derivatives	0,728	Benzenoids	1,000	Benzene and substituted derivatives	0,985	Methoxybenzenes	0,983	Dimethoxybenzenes	0,722	Dimethoxybenzenes	0,722	Organic compounds; Styrenes; Alkyl aryl ethers; Anisoles; Ethers; Organooxygen compounds; Benzene and substituted derivatives; Phenol ethers; Benzenoids; Dimethoxybenzenes; Methoxybenzenes; Hydrocarbon derivatives; Organic oxygen compounds; Phenoxy compounds; Chemical entities	195,101	195	3,253	627563889124708115	627562796080680444	87	
1	C24H27NO3	[M + H]+	C24H28NO3+	Alkaloids	0,999	Tyrosine alkaloids	0,995	Isoquinoline alkaloids	0,873	Organoheterocyclic compounds	0,920	Isoquinolines and derivatives	0,243	Naphthylisoquinolines	0,857			Naphthylisoquinolines	0,857	Organic compounds; Organoheterocyclic compounds; Naphthalenes; Phenanthrenes and derivatives; Alkyl aryl ethers; Anisoles; Ethers; Organonitrogen compounds; Organooxygen compounds; Naphthylisoquinolines; Dialkylamines; Phenol ethers; Naphthols and derivatives; Benzenoids; Amines; Secondary amines; Tetrahydroisoquinolines; Aralkylamines; Azacyclic compounds; Hydrocarbon derivatives; Organopnictogen compounds; Organic oxygen compounds; Organic nitrogen compounds; Chemical entities	378,206	131	2,191	627563825794908645	627562796214898177	88	
1	C18H16O7	[M + H]+	C18H17O7+	Polyketides	0,984	Aromatic polyketides	0,794	Depsides and depsidones	0,745	Benzenoids	0,992	Benzene and substituted derivatives	0,714	Acetophenones	0,772			Acetophenones	0,772	Organic compounds; Organoheterocyclic compounds; Ketones; Acetophenones; Phenols; Organic acids and derivatives; Organooxygen compounds; Carbonyl compounds; Benzene and substituted derivatives; Benzenoids; Cyclic ketones; Aryl ketones; Aryl alkyl ketones; Vinylogous acids; Organic oxides; Oxacyclic compounds; Hydrocarbon derivatives; Cyclohexenones; Organic oxygen compounds; Chemical entities	345,096	262	4,358	627563912168214881	627562796353310214	89	
1	C13H18O2	[M + H]+	C13H19O2+	Terpenoids	0,982	Apocarotenoids	0,544	Apocarotenoids(Îµ-)	0,712	Lipids and lipid-like molecules	0,482	Prenol lipids	0,577					Prenol lipids	0,577	Organic compounds; Ketones; Alcohols and polyols; Prenol lipids; Organooxygen compounds; Carbonyl compounds; Cyclic ketones; Organic oxides; Hydrocarbon derivatives; Organic oxygen compounds; Chemical entities	207,138	89	1,475	627563033130162396	627562796491722251	90	
1	C24H28N6O5	[M + H]+	C24H29N6O5+	Amino acids and Peptides	0,509	Oligopeptides	0,574	Purine alkaloids	0,105	Organic acids and derivatives	0,996	Carboxylic acids and derivatives	0,979	Amino acids, peptides, and analogues	0,700	Amino acids and derivatives	0,689	Alpha amino acids and derivatives	0,625	Organic compounds; Organoheterocyclic compounds; Amino acids, peptides, and analogues; Alpha amino acids and derivatives; Pyrimidines and pyrimidine derivatives; Purines and purine derivatives; Organic acids and derivatives; Carboxylic acids and derivatives; Organonitrogen compounds; Organooxygen compounds; Amino acids and derivatives; Azoles; Carboxylic acid amides; Carboxylic acid derivatives; Diazines; Secondary carboxylic acid amides; Carbonyl compounds; Benzene and substituted derivatives; Substituted imidazoles; N-substituted imidazoles; Benzenoids; Salicylamides; Organic oxides; Azacyclic compounds; Heteroaromatic compounds; Hydrocarbon derivatives; Organopnictogen compounds; Organic oxygen compounds; Organic nitrogen compounds; Chemical entities	481,218	275	4,588	627563936218354260	627562796596579856	91	
1	C31H48N8O7	[M + H]+	C31H49N8O7+	Amino acids and Peptides	0,928	Oligopeptides	0,973	Cyclic peptides	0,592	Organic acids and derivatives	1,000	Carboxylic acids and derivatives	0,999	Amino acids, peptides, and analogues	0,994	Peptides	0,698	Peptides	0,698	Organic compounds; Organoheterocyclic compounds; Amino acids, peptides, and analogues; Alpha amino acids and derivatives; Pyrroles; Lactams; Indoles and derivatives; Pyrrolidines; Organic acids and derivatives; Carboxylic acids and derivatives; Organonitrogen compounds; Organooxygen compounds; Amino acids and derivatives; Peptides; Carboxylic acid amides; Carboxylic acid derivatives; Monocarboxylic acids and derivatives; N-acyl-alpha amino acids and derivatives; Secondary carboxylic acid amides; Tertiary carboxylic acid amides; Carbonyl compounds; Alpha amino acid amides; Benzenoids; Amines; Indoles; Organic oxides; Azacyclic compounds; Heteroaromatic compounds; Hydrocarbon derivatives; 3-alkylindoles; Organopnictogen compounds; Organic oxygen compounds; Organic nitrogen compounds; Chemical entities	645,378	1491	24,851	627564266834370635	627562796982455829	92	
1	C34H50N2O10	[M + H]+	C34H51N2O10+	Alkaloids	1,000	Tryptophan alkaloids	0,987	Aspidosperma-Iboga hybrid type (Vinca alkaloids)	0,634	Organic acids and derivatives	0,993	Carboxylic acids and derivatives	0,991	Amino acids, peptides, and analogues	0,976	Amino acids and derivatives	0,975	Amino acids and derivatives	0,975	Organic compounds; Organoheterocyclic compounds; Amino acids, peptides, and analogues; Pyrroles; Alkyl aryl ethers; Alcohols and polyols; Anisoles; Piperidines; Carbazoles; Indoles and derivatives; Pyrrolidines; Ethers; Organic acids and derivatives; Carboxylic acids and derivatives; Organonitrogen compounds; Alkaloids and derivatives; Azepanes; Organooxygen compounds; Amino acids and derivatives; Carboxylic acid derivatives; Dialkyl ethers; Carboxylic acid esters; Cyclic alcohols and derivatives; Tertiary alcohols; Carbonyl compounds; 1,2-aminoalcohols; Trialkylamines; Benzenoids; Amines; Tertiary amines; Alkanolamines; Methyl esters; N-alkylpyrrolidines; Quinolidines; Aralkylamines; Organic oxides; Azacyclic compounds; Hydrocarbon derivatives; Organopnictogen compounds; Organic oxygen compounds; Organic nitrogen compounds; Chemical entities	647,357	810	13,499	627564154024367850	627562797116673562	93	
1	C39H54N6O6	[M + H]+	C39H55N6O6+	Alkaloids	0,998	Tryptophan alkaloids	0,999	Aspidosperma type	0,976	Alkaloids and derivatives	0,891	Aspidospermatan-type alkaloids	0,689					Aspidospermatan-type alkaloids	0,689	Organic compounds; Organoheterocyclic compounds; Amino acids, peptides, and analogues; Azaspirodecane derivatives; Piperidines; Carbazoles; Indoles and derivatives; Pyrrolidines; Indolizidines; Organic acids and derivatives; Carboxylic acids and derivatives; Organonitrogen compounds; Alkaloids and derivatives; Organooxygen compounds; Amino acids and derivatives; Carboxylic acid derivatives; Monocarboxylic acids and derivatives; Carboxylic acid esters; Carbonyl compounds; Trialkylamines; Benzenoids; Amines; Tertiary amines; Tertiary alkylarylamines; Aspidospermatan-type alkaloids; Methyl esters; N-alkylpyrrolidines; Quinolidines; Aralkylamines; Dialkylarylamines; Organic oxides; Azacyclic compounds; Hydrocarbon derivatives; Organopnictogen compounds; Organic oxygen compounds; Organic nitrogen compounds; Chemical entities	703,423	760	12,675	627564065558107427	627562797301222943	94	
1	C37H60N6O7S	[M + H]+	C37H61N6O7S+	Amino acids and Peptides	0,891	Oligopeptides	1,000	Depsipeptides	0,647	Organic acids and derivatives	0,999	Carboxylic acids and derivatives	0,995	Amino acids, peptides, and analogues	0,993	Peptides	0,778	Peptides	0,778	Organic compounds; Organoheterocyclic compounds; Amino acids, peptides, and analogues; Alpha amino acids and derivatives; Macrolactams; Thiazoles; Alcohols and polyols; Lactams; Amphetamines and derivatives; Thiazolines; Ethers; Phenylpropanoids and polyketides; Organic acids and derivatives; Carboxylic acids and derivatives; Organonitrogen compounds; Organooxygen compounds; Fatty amides; Amino acids and derivatives; Peptides; Azoles; Carboxylic acid amides; Carboxylic acid derivatives; Imidothioesters; N-acyl amines; Secondary carboxylic acid amides; Tertiary carboxylic acid amides; Carbonyl compounds; Benzene and substituted derivatives; Alpha amino acid amides; Phenol ethers; Benzenoids; Organic 1,3-dipolar compounds; Propargyl-type 1,3-dipolar organic compounds; Imidothiolactones; Fatty Acyls; Organic oxides; Azacyclic compounds; Hydrocarbon derivatives; Organopnictogen compounds; Organic oxygen compounds; Organic nitrogen compounds; Chemical entities	733,432	1338	22,308	627564156469647138	627562797414469156	95	
1	C26H40N2O9	[M + H]+	C26H41N2O9+	Alkaloids	0,986	Tryptophan alkaloids	0,966	Aspidosperma type	0,581	Organic acids and derivatives	0,962	Carboxylic acids and derivatives	0,944	Amino acids, peptides, and analogues	0,870	Amino acids and derivatives	0,870	Amino acids and derivatives	0,870	Organic compounds; Organoheterocyclic compounds; Amino acids, peptides, and analogues; Alcohols and polyols; Piperidines; Indoles and derivatives; Ethers; Organic acids and derivatives; Carboxylic acids and derivatives; Organonitrogen compounds; Alkaloids and derivatives; Organooxygen compounds; Amino acids and derivatives; Carboxylic acid derivatives; Carboxylic acid esters; Secondary alcohols; Carbonyl compounds; Trialkylamines; Benzenoids; Amines; Tertiary amines; Alkanolamines; Methyl esters; Aralkylamines; Organic oxides; Azacyclic compounds; Hydrocarbon derivatives; Organopnictogen compounds; Organic oxygen compounds; Organic nitrogen compounds; Chemical entities	525,278	1212	20,192	627564202330168000	627562797481578025	96	
